dataset,n_base,dim,metric,family,build_params,query_param,k,is_default,recall,recall_id,recall_std,latency_ms,latency_ms_std,latency_p95_ms,build_seconds,memory_mb
glove-100-angular,200000,100,angular,HNSW,"{""M"": 16, ""efConstruction"": 200}",10,10,1,0.515,0.515,0.0,0.0409,0.001734935157289747,0.07556666666666666,95.52,107.2
glove-100-angular,200000,100,angular,HNSW,"{""M"": 16, ""efConstruction"": 200}",16,10,0,0.60833,0.60833,0.0,0.05636666666666667,0.0011547005383792531,0.09699999999999999,95.52,107.2
glove-100-angular,200000,100,angular,HNSW,"{""M"": 16, ""efConstruction"": 200}",32,10,0,0.71233,0.71233,0.0,0.09583333333333333,0.002119748412744617,0.14476666666666668,95.52,107.2
glove-100-angular,200000,100,angular,HNSW,"{""M"": 16, ""efConstruction"": 200}",64,10,0,0.815,0.815,0.0,0.1824,0.003704051835490422,0.282,95.52,107.2
glove-100-angular,200000,100,angular,HNSW,"{""M"": 16, ""efConstruction"": 200}",128,10,0,0.87933,0.87933,0.0,0.32643333333333335,0.017506094176981173,0.44356666666666666,95.52,107.2
glove-100-angular,200000,100,angular,HNSW,"{""M"": 16, ""efConstruction"": 200}",256,10,0,0.923,0.923,0.0,0.6013666666666667,0.011360604444013241,0.8071666666666667,95.52,107.2
glove-100-angular,200000,100,angular,HNSW,"{""M"": 16, ""efConstruction"": 200}",512,10,0,0.9616700000000001,0.9616700000000001,0.0,1.1549,0.010839280418920858,1.4688333333333334,95.52,107.2
glove-100-angular,200000,100,angular,HNSW,"{""M"": 32, ""efConstruction"": 200}",10,10,0,0.607,0.607,0.0,0.07303333333333334,0.0008144527815247107,0.11703333333333332,149.27,132.8
glove-100-angular,200000,100,angular,HNSW,"{""M"": 32, ""efConstruction"": 200}",16,10,0,0.684,0.684,0.0,0.10049999999999999,0.002137755832643197,0.1593,149.27,132.8
glove-100-angular,200000,100,angular,HNSW,"{""M"": 32, ""efConstruction"": 200}",32,10,0,0.791,0.791,0.0,0.16116666666666665,0.0017502380790433418,0.2336,149.27,132.8
glove-100-angular,200000,100,angular,HNSW,"{""M"": 32, ""efConstruction"": 200}",64,10,0,0.867,0.867,0.0,0.29073333333333334,0.0043015501081974305,0.38116666666666665,149.27,132.8
glove-100-angular,200000,100,angular,HNSW,"{""M"": 32, ""efConstruction"": 200}",128,10,0,0.931,0.931,0.0,0.5287666666666667,0.008962328566468338,0.6597,149.27,132.8
glove-100-angular,200000,100,angular,HNSW,"{""M"": 32, ""efConstruction"": 200}",256,10,0,0.97067,0.97067,0.0,1.0073666666666667,0.037534295428758746,1.405166666666667,149.27,132.8
glove-100-angular,200000,100,angular,HNSW,"{""M"": 32, ""efConstruction"": 200}",512,10,0,0.99133,0.99133,0.0,1.8648666666666667,0.0236038838612067,2.2412666666666667,149.27,132.8
glove-100-angular,200000,100,angular,HNSW,"{""M"": 48, ""efConstruction"": 400}",10,10,0,0.64033,0.64033,0.0,0.0914,0.0041761226035642186,0.14736666666666667,336.91,158.4
glove-100-angular,200000,100,angular,HNSW,"{""M"": 48, ""efConstruction"": 400}",16,10,0,0.72167,0.72167,0.0,0.13133333333333333,0.0005859465277082353,0.2093,336.91,158.4
glove-100-angular,200000,100,angular,HNSW,"{""M"": 48, ""efConstruction"": 400}",32,10,0,0.81967,0.81967,0.0,0.2154,0.0030315012782448306,0.2902,336.91,158.4
glove-100-angular,200000,100,angular,HNSW,"{""M"": 48, ""efConstruction"": 400}",64,10,0,0.903,0.903,0.0,0.38056666666666666,0.004908496035786645,0.4819,336.91,158.4
glove-100-angular,200000,100,angular,HNSW,"{""M"": 48, ""efConstruction"": 400}",128,10,0,0.959,0.959,0.0,0.7199,0.006366317616958798,0.882,336.91,158.4
glove-100-angular,200000,100,angular,HNSW,"{""M"": 48, ""efConstruction"": 400}",256,10,0,0.98433,0.98433,0.0,1.3350666666666668,0.009291573243177607,1.6092666666666666,336.91,158.4
glove-100-angular,200000,100,angular,HNSW,"{""M"": 48, ""efConstruction"": 400}",512,10,0,0.9973300000000002,0.9973300000000002,0.0,2.5835333333333335,0.08181053314416997,3.3663666666666665,336.91,158.4
glove-100-angular,200000,100,angular,HNSW,"{""M"": 8, ""efConstruction"": 100}",10,10,0,0.33867,0.33867,0.0,0.0242,9.99999999999994e-05,0.0395,35.44,94.40000000000002
glove-100-angular,200000,100,angular,HNSW,"{""M"": 8, ""efConstruction"": 100}",16,10,0,0.42833000000000004,0.42833000000000004,0.0,0.03333333333333333,0.0009073771725877471,0.06269999999999999,35.44,94.40000000000002
glove-100-angular,200000,100,angular,HNSW,"{""M"": 8, ""efConstruction"": 100}",32,10,0,0.56533,0.56533,0.0,0.05843333333333334,0.002254624876411448,0.10363333333333334,35.44,94.40000000000002
glove-100-angular,200000,100,angular,HNSW,"{""M"": 8, ""efConstruction"": 100}",64,10,0,0.66667,0.66667,0.0,0.10716666666666667,0.005205125678918167,0.1711666666666667,35.44,94.40000000000002
glove-100-angular,200000,100,angular,HNSW,"{""M"": 8, ""efConstruction"": 100}",128,10,0,0.767,0.767,0.0,0.18533333333333335,0.005379900866496819,0.25756666666666667,35.44,94.40000000000002
glove-100-angular,200000,100,angular,HNSW,"{""M"": 8, ""efConstruction"": 100}",256,10,0,0.83167,0.83167,0.0,0.36003333333333326,0.00878426623761675,0.45766666666666667,35.44,94.40000000000002
glove-100-angular,200000,100,angular,HNSW,"{""M"": 8, ""efConstruction"": 100}",512,10,0,0.8889999999999999,0.8889999999999999,0.0,0.7000666666666667,0.007793800955460284,0.8401333333333333,35.44,94.40000000000002
glove-100-angular,200000,100,angular,IVF-Flat,"{""nlist"": 100}",1,10,1,0.50067,0.50067,0.0,0.10646666666666667,0.0026501572280401274,0.1866,0.28,81.64
glove-100-angular,200000,100,angular,IVF-Flat,"{""nlist"": 100}",2,10,0,0.65067,0.65067,0.0,0.1925,0.0038157568056677795,0.2922666666666667,0.28,81.64
glove-100-angular,200000,100,angular,IVF-Flat,"{""nlist"": 100}",4,10,0,0.77733,0.77733,0.0,0.3666333333333333,0.003955165398985648,0.49520000000000003,0.28,81.64
glove-100-angular,200000,100,angular,IVF-Flat,"{""nlist"": 100}",8,10,0,0.86967,0.86967,0.0,0.7041333333333334,0.002706165799305968,0.8655333333333334,0.28,81.64
glove-100-angular,200000,100,angular,IVF-Flat,"{""nlist"": 100}",16,10,0,0.93233,0.93233,0.0,1.3059,0.008982204629154288,1.5611666666666668,0.28,81.64
glove-100-angular,200000,100,angular,IVF-Flat,"{""nlist"": 100}",32,10,0,0.98033,0.98033,0.0,2.5964,0.037959583770110224,2.926766666666667,0.28,81.64
glove-100-angular,200000,100,angular,IVF-Flat,"{""nlist"": 100}",64,10,0,0.99667,0.99667,0.0,5.224066666666666,0.034260813378163175,5.696166666666667,0.28,81.64
glove-100-angular,200000,100,angular,IVF-Flat,"{""nlist"": 100}",128,10,0,1.0,1.0,0.0,7.8188666666666675,0.19505061736209242,8.376900000000001,0.28,81.64
glove-100-angular,200000,100,angular,IVF-Flat,"{""nlist"": 1024}",1,10,0,0.3353300000000001,0.3353300000000001,0.0,0.03506666666666667,0.00020816659994661216,0.06203333333333333,5.63,82.01
glove-100-angular,200000,100,angular,IVF-Flat,"{""nlist"": 1024}",2,10,0,0.45767,0.45767,0.0,0.04346666666666666,0.0003511884584284207,0.07179999999999999,5.63,82.01
glove-100-angular,200000,100,angular,IVF-Flat,"{""nlist"": 1024}",4,10,0,0.579,0.579,0.0,0.06233333333333333,0.0011015141094572207,0.10423333333333333,5.63,82.01
glove-100-angular,200000,100,angular,IVF-Flat,"{""nlist"": 1024}",8,10,0,0.681,0.681,0.0,0.09816666666666667,0.001320353488022552,0.1429,5.63,82.01
glove-100-angular,200000,100,angular,IVF-Flat,"{""nlist"": 1024}",16,10,0,0.77033,0.77033,0.0,0.17076666666666665,0.001814754345175502,0.22799999999999998,5.63,82.01
glove-100-angular,200000,100,angular,IVF-Flat,"{""nlist"": 1024}",32,10,0,0.84567,0.84567,0.0,0.31243333333333334,0.005259594407683281,0.39080000000000004,5.63,82.01
glove-100-angular,200000,100,angular,IVF-Flat,"{""nlist"": 1024}",64,10,0,0.907,0.907,0.0,0.5729000000000001,0.0093546779741475,0.6947666666666666,5.63,82.01
glove-100-angular,200000,100,angular,IVF-Flat,"{""nlist"": 1024}",128,10,0,0.9573300000000001,0.9573300000000001,0.0,1.0765666666666667,0.004908496035786613,1.2838333333333332,5.63,82.01
glove-100-angular,200000,100,angular,IVF-Flat,"{""nlist"": 4096}",1,10,0,0.262,0.262,0.0,0.09293333333333333,0.005873102530463205,0.1373,21.42,83.24
glove-100-angular,200000,100,angular,IVF-Flat,"{""nlist"": 4096}",2,10,0,0.37467,0.37467,0.0,0.09036666666666666,0.0003785938897200147,0.13246666666666665,21.42,83.24
glove-100-angular,200000,100,angular,IVF-Flat,"{""nlist"": 4096}",4,10,0,0.468,0.468,0.0,0.09856666666666668,0.0007637626158259725,0.1423,21.42,83.24
glove-100-angular,200000,100,angular,IVF-Flat,"{""nlist"": 4096}",8,10,0,0.579,0.579,0.0,0.1145,0.0017349351572897489,0.15916666666666668,21.42,83.24
glove-100-angular,200000,100,angular,IVF-Flat,"{""nlist"": 4096}",16,10,0,0.67867,0.67867,0.0,0.1415,0.0010583005244258338,0.1926,21.42,83.24
glove-100-angular,200000,100,angular,IVF-Flat,"{""nlist"": 4096}",32,10,0,0.75967,0.75967,0.0,0.19393333333333332,0.003955165398985657,0.24683333333333335,21.42,83.24
glove-100-angular,200000,100,angular,IVF-Flat,"{""nlist"": 4096}",64,10,0,0.83867,0.83867,0.0,0.30346666666666666,0.0125786856759096,0.3759666666666666,21.42,83.24
glove-100-angular,200000,100,angular,IVF-Flat,"{""nlist"": 4096}",128,10,0,0.89067,0.89067,0.0,0.4788666666666667,0.007077664398184844,0.585,21.42,83.24
glove-100-angular,200000,100,angular,IVF-PQ,"{""m"": 10, ""nbits"": 8, ""nlist"": 1024}",1,10,0,0.20033,0.20033,0.0,0.04586666666666667,0.00015275252316519753,0.07986666666666666,12.300000000000002,4.01
glove-100-angular,200000,100,angular,IVF-PQ,"{""m"": 10, ""nbits"": 8, ""nlist"": 1024}",2,10,0,0.242,0.242,0.0,0.04873333333333333,5.7735026918964726e-05,0.08093333333333334,12.300000000000002,4.01
glove-100-angular,200000,100,angular,IVF-PQ,"{""m"": 10, ""nbits"": 8, ""nlist"": 1024}",4,10,0,0.265,0.265,0.0,0.056799999999999996,0.0010148891565092263,0.09436666666666667,12.300000000000002,4.01
glove-100-angular,200000,100,angular,IVF-PQ,"{""m"": 10, ""nbits"": 8, ""nlist"": 1024}",8,10,0,0.27533,0.27533,0.0,0.07186666666666668,0.0027610384519838435,0.1099,12.300000000000002,4.01
glove-100-angular,200000,100,angular,IVF-PQ,"{""m"": 10, ""nbits"": 8, ""nlist"": 1024}",16,10,0,0.285,0.285,0.0,0.09823333333333334,0.0014047538337136967,0.13703333333333334,12.300000000000002,4.01
glove-100-angular,200000,100,angular,IVF-PQ,"{""m"": 10, ""nbits"": 8, ""nlist"": 1024}",64,10,0,0.291,0.291,0.0,0.2648333333333333,0.005000333322222949,0.31803333333333333,12.300000000000002,4.01
glove-100-angular,200000,100,angular,IVF-PQ,"{""m"": 10, ""nbits"": 8, ""nlist"": 1024}",128,10,0,0.29233,0.29233,0.0,0.46226666666666666,0.001497776129244071,0.5265666666666666,12.300000000000002,4.01
glove-100-angular,200000,100,angular,IVF-PQ,"{""m"": 10, ""nbits"": 8, ""nlist"": 4096}",1,10,0,0.17833,0.17833,0.0,0.10206666666666668,0.00015275252316519072,0.1457,27.69,5.24
glove-100-angular,200000,100,angular,IVF-PQ,"{""m"": 10, ""nbits"": 8, ""nlist"": 4096}",2,10,0,0.235,0.235,0.0,0.10303333333333335,0.00032145502536643313,0.1474,27.69,5.24
glove-100-angular,200000,100,angular,IVF-PQ,"{""m"": 10, ""nbits"": 8, ""nlist"": 4096}",4,10,0,0.25967,0.25967,0.0,0.10693333333333332,0.0001527525231651911,0.15126666666666666,27.69,5.24
glove-100-angular,200000,100,angular,IVF-PQ,"{""m"": 10, ""nbits"": 8, ""nlist"": 4096}",8,10,0,0.27833,0.27833,0.0,0.1124,0.003726929030716843,0.15903333333333333,27.69,5.24
glove-100-angular,200000,100,angular,IVF-PQ,"{""m"": 10, ""nbits"": 8, ""nlist"": 4096}",16,10,0,0.29567,0.29567,0.0,0.12373333333333332,0.0009609023536933038,0.17183333333333337,27.69,5.24
glove-100-angular,200000,100,angular,IVF-PQ,"{""m"": 10, ""nbits"": 8, ""nlist"": 4096}",64,10,0,0.30967,0.30967,0.0,0.1994,0.0007000000000000062,0.27386666666666665,27.69,5.24
glove-100-angular,200000,100,angular,IVF-PQ,"{""m"": 10, ""nbits"": 8, ""nlist"": 4096}",128,10,0,0.31033,0.31033,0.0,0.28613333333333335,0.0026312227829154585,0.3556333333333333,27.69,5.24
glove-100-angular,200000,100,angular,IVF-PQ,"{""m"": 5, ""nbits"": 8, ""nlist"": 1024}",1,10,1,0.128,0.128,0.0,0.038766666666666665,5.773502691896323e-05,0.0673,10.07,3.01
glove-100-angular,200000,100,angular,IVF-PQ,"{""m"": 5, ""nbits"": 8, ""nlist"": 1024}",2,10,0,0.14267,0.14267,0.0,0.04156666666666667,0.00030550504633038557,0.07853333333333333,10.07,3.01
glove-100-angular,200000,100,angular,IVF-PQ,"{""m"": 5, ""nbits"": 8, ""nlist"": 1024}",4,10,0,0.15233,0.15233,0.0,0.04623333333333333,0.00025166114784236127,0.07916666666666666,10.07,3.01
glove-100-angular,200000,100,angular,IVF-PQ,"{""m"": 5, ""nbits"": 8, ""nlist"": 1024}",8,10,0,0.156,0.156,0.0,0.056299999999999996,0.00017320508075688567,0.08976666666666666,10.07,3.01
glove-100-angular,200000,100,angular,IVF-PQ,"{""m"": 5, ""nbits"": 8, ""nlist"": 1024}",16,10,0,0.15567,0.15567,0.0,0.07633333333333332,0.0006658328118479305,0.119,10.07,3.01
glove-100-angular,200000,100,angular,IVF-PQ,"{""m"": 5, ""nbits"": 8, ""nlist"": 1024}",64,10,0,0.156,0.156,0.0,0.2008,0.0018999999999999957,0.25366666666666665,10.07,3.01
glove-100-angular,200000,100,angular,IVF-PQ,"{""m"": 5, ""nbits"": 8, ""nlist"": 1024}",128,10,0,0.156,0.156,0.0,0.34736666666666666,0.001985782801147527,0.43133333333333335,10.07,3.01
nytimes-256-angular,200000,256,angular,HNSW,"{""M"": 16, ""efConstruction"": 200}",10,10,1,0.67867,0.67433,0.0,0.07723333333333333,0.0002516611478423582,0.13003333333333333,177.79,232.0
nytimes-256-angular,200000,256,angular,HNSW,"{""M"": 16, ""efConstruction"": 200}",16,10,0,0.7436700000000002,0.739,0.0,0.10310000000000001,0.0021071307505705437,0.15869999999999998,177.79,232.0
nytimes-256-angular,200000,256,angular,HNSW,"{""M"": 16, ""efConstruction"": 200}",32,10,0,0.816,0.81033,0.0,0.16916666666666666,0.0030005555041247526,0.2622,177.79,232.0
nytimes-256-angular,200000,256,angular,HNSW,"{""M"": 16, ""efConstruction"": 200}",64,10,0,0.85367,0.84767,0.0,0.2962666666666666,0.0017559422921421088,0.42156666666666665,177.79,232.0
nytimes-256-angular,200000,256,angular,HNSW,"{""M"": 16, ""efConstruction"": 200}",128,10,0,0.896,0.8896700000000001,0.0,0.5431333333333334,0.002500666577801472,0.7073999999999999,177.79,232.0
nytimes-256-angular,200000,256,angular,HNSW,"{""M"": 16, ""efConstruction"": 200}",256,10,0,0.92367,0.91633,0.0,1.0287,0.005071488933242351,1.2447333333333332,177.79,232.0
nytimes-256-angular,200000,256,angular,HNSW,"{""M"": 16, ""efConstruction"": 200}",512,10,0,0.952,0.94467,0.0,2.0093666666666667,0.020845223273770367,2.2845666666666666,177.79,232.0
nytimes-256-angular,200000,256,angular,HNSW,"{""M"": 32, ""efConstruction"": 200}",10,10,0,0.7559999999999999,0.749,0.0,0.13423333333333334,0.0020033305601755507,0.23030000000000003,331.82,257.6
nytimes-256-angular,200000,256,angular,HNSW,"{""M"": 32, ""efConstruction"": 200}",16,10,0,0.823,0.816,0.0,0.18713333333333335,0.0015176736583776297,0.3057,331.82,257.6
nytimes-256-angular,200000,256,angular,HNSW,"{""M"": 32, ""efConstruction"": 200}",32,10,0,0.8683299999999999,0.8610000000000001,0.0,0.29983333333333334,0.0024027761721253735,0.45303333333333334,331.82,257.6
nytimes-256-angular,200000,256,angular,HNSW,"{""M"": 32, ""efConstruction"": 200}",64,10,0,0.91267,0.90467,0.0,0.5235666666666666,0.007397522107660977,0.7244999999999999,331.82,257.6
nytimes-256-angular,200000,256,angular,HNSW,"{""M"": 32, ""efConstruction"": 200}",128,10,0,0.9380000000000001,0.93133,0.0,0.9701333333333334,0.004923751956926039,1.2485666666666668,331.82,257.6
nytimes-256-angular,200000,256,angular,HNSW,"{""M"": 32, ""efConstruction"": 200}",256,10,0,0.9576699999999999,0.95067,0.0,1.8612000000000002,0.009103296106356152,2.2139,331.82,257.6
nytimes-256-angular,200000,256,angular,HNSW,"{""M"": 32, ""efConstruction"": 200}",512,10,0,0.97967,0.97167,0.0,3.6529333333333334,0.004384442191811164,4.3467,331.82,257.6
nytimes-256-angular,200000,256,angular,HNSW,"{""M"": 48, ""efConstruction"": 400}",10,10,0,0.8000000000000002,0.7923300000000001,0.0,0.22160000000000002,0.009512623192369186,0.3517666666666666,827.83,283.2
nytimes-256-angular,200000,256,angular,HNSW,"{""M"": 48, ""efConstruction"": 400}",16,10,0,0.8483300000000001,0.842,0.0,0.3039,0.003675595189897817,0.4644,827.83,283.2
nytimes-256-angular,200000,256,angular,HNSW,"{""M"": 48, ""efConstruction"": 400}",32,10,0,0.8936699999999999,0.88633,0.0,0.5209,0.004769696007084699,0.7192,827.83,283.2
nytimes-256-angular,200000,256,angular,HNSW,"{""M"": 48, ""efConstruction"": 400}",64,10,0,0.92733,0.9209999999999999,0.0,0.9372666666666666,0.017915449571063898,1.1876666666666666,827.83,283.2
nytimes-256-angular,200000,256,angular,HNSW,"{""M"": 48, ""efConstruction"": 400}",128,10,0,0.9576699999999999,0.9496699999999999,0.0,1.7918333333333336,0.01797145885378624,2.1736666666666666,827.83,283.2
nytimes-256-angular,200000,256,angular,HNSW,"{""M"": 48, ""efConstruction"": 400}",256,10,0,0.98,0.972,0.0,3.4453333333333336,0.09389618380601715,3.9672,827.83,283.2
nytimes-256-angular,200000,256,angular,HNSW,"{""M"": 48, ""efConstruction"": 400}",512,10,0,0.993,0.98433,0.0,6.675,0.07104766005999089,7.382933333333334,827.83,283.2
nytimes-256-angular,200000,256,angular,HNSW,"{""M"": 8, ""efConstruction"": 100}",10,10,0,0.347,0.3433300000000001,0.0,0.0431,0.001670329308849009,0.07866666666666666,57.13,219.19999999999996
nytimes-256-angular,200000,256,angular,HNSW,"{""M"": 8, ""efConstruction"": 100}",16,10,0,0.45066999999999996,0.44632999999999995,0.0,0.05853333333333333,0.0021939310229205744,0.10136666666666666,57.13,219.19999999999996
nytimes-256-angular,200000,256,angular,HNSW,"{""M"": 8, ""efConstruction"": 100}",32,10,0,0.57133,0.566,0.0,0.10223333333333333,0.0023860706890897676,0.16390000000000002,57.13,219.19999999999996
nytimes-256-angular,200000,256,angular,HNSW,"{""M"": 8, ""efConstruction"": 100}",64,10,0,0.6789999999999999,0.672,0.0,0.18696666666666664,0.004717343885422532,0.2932666666666666,57.13,219.19999999999996
nytimes-256-angular,200000,256,angular,HNSW,"{""M"": 8, ""efConstruction"": 100}",128,10,0,0.766,0.7600000000000001,0.0,0.327,0.003487119154832553,0.4765333333333333,57.13,219.19999999999996
nytimes-256-angular,200000,256,angular,HNSW,"{""M"": 8, ""efConstruction"": 100}",256,10,0,0.832,0.8243300000000001,0.0,0.5890666666666666,0.004310839052125831,0.7773333333333333,57.13,219.19999999999996
nytimes-256-angular,200000,256,angular,HNSW,"{""M"": 8, ""efConstruction"": 100}",512,10,0,0.8729999999999999,0.86267,0.0,1.1103666666666667,0.010770484359272468,1.3025666666666667,57.13,219.19999999999996
nytimes-256-angular,200000,256,angular,IVF-Flat,"{""nlist"": 100}",1,10,1,0.48233,0.47867,0.0,0.2885,0.006067124524846987,0.5042,0.6999999999999998,206.5
nytimes-256-angular,200000,256,angular,IVF-Flat,"{""nlist"": 100}",2,10,0,0.56733,0.56433,0.0,0.5423333333333333,0.006412747721011059,0.8088333333333333,0.6999999999999998,206.5
nytimes-256-angular,200000,256,angular,IVF-Flat,"{""nlist"": 100}",4,10,0,0.63667,0.63367,0.0,1.0159,0.011722201158485495,1.3911,0.6999999999999998,206.5
nytimes-256-angular,200000,256,angular,IVF-Flat,"{""nlist"": 100}",8,10,0,0.72867,0.72533,0.0,1.9990666666666668,0.040481147875688274,2.467233333333333,0.6999999999999998,206.5
nytimes-256-angular,200000,256,angular,IVF-Flat,"{""nlist"": 100}",16,10,0,0.82633,0.82167,0.0,3.8222,0.007810249675906562,4.410966666666667,0.6999999999999998,206.5
nytimes-256-angular,200000,256,angular,IVF-Flat,"{""nlist"": 100}",32,10,0,0.911,0.9053299999999999,0.0,7.664533333333334,0.06248082372483089,8.397933333333334,0.6999999999999998,206.5
nytimes-256-angular,200000,256,angular,IVF-Flat,"{""nlist"": 100}",64,10,0,0.97267,0.9693299999999999,0.0,15.099566666666666,0.09804985126624771,16.075666666666667,0.6999999999999998,206.5
nytimes-256-angular,200000,256,angular,IVF-Flat,"{""nlist"": 100}",128,10,0,1.0,0.99767,0.0,23.48313333333333,0.23228375606859047,24.412266666666667,0.6999999999999998,206.5
nytimes-256-angular,200000,256,angular,IVF-Flat,"{""nlist"": 1024}",1,10,0,0.59233,0.59033,0.0,0.0892,0.007787168933572717,0.14023333333333335,12.6,207.44999999999996
nytimes-256-angular,200000,256,angular,IVF-Flat,"{""nlist"": 1024}",2,10,0,0.6673300000000001,0.665,0.0,0.12523333333333334,0.004445597072760112,0.2043,12.6,207.44999999999996
nytimes-256-angular,200000,256,angular,IVF-Flat,"{""nlist"": 1024}",4,10,0,0.72433,0.72167,0.0,0.1843,0.004613025037868309,0.27876666666666666,12.6,207.44999999999996
nytimes-256-angular,200000,256,angular,IVF-Flat,"{""nlist"": 1024}",8,10,0,0.76567,0.76133,0.0,0.29353333333333337,0.011500144926623023,0.4163666666666667,12.6,207.44999999999996
nytimes-256-angular,200000,256,angular,IVF-Flat,"{""nlist"": 1024}",16,10,0,0.80133,0.79733,0.0,0.5165000000000001,0.01496228592160975,0.6692333333333332,12.6,207.44999999999996
nytimes-256-angular,200000,256,angular,IVF-Flat,"{""nlist"": 1024}",32,10,0,0.83367,0.827,0.0,0.9610333333333334,0.010627480102702359,1.2016333333333333,12.6,207.44999999999996
nytimes-256-angular,200000,256,angular,IVF-Flat,"{""nlist"": 1024}",64,10,0,0.87033,0.86333,0.0,1.7121666666666666,0.0204685938289208,1.9794333333333334,12.6,207.44999999999996
nytimes-256-angular,200000,256,angular,IVF-Flat,"{""nlist"": 1024}",128,10,0,0.908,0.90333,0.0,3.2165,0.022471982556063117,3.603733333333333,12.6,207.44999999999996
nytimes-256-angular,200000,256,angular,IVF-Flat,"{""nlist"": 4096}",1,10,0,0.52067,0.51933,0.0,0.20936666666666667,0.0006027713773341597,0.2662333333333333,47.48,210.59
nytimes-256-angular,200000,256,angular,IVF-Flat,"{""nlist"": 4096}",2,10,0,0.653,0.651,0.0,0.21646666666666667,0.0013428824718989113,0.2735,47.48,210.59
nytimes-256-angular,200000,256,angular,IVF-Flat,"{""nlist"": 4096}",4,10,0,0.72633,0.7239999999999999,0.0,0.24453333333333335,0.0071395611443094515,0.3203666666666667,47.48,210.59
nytimes-256-angular,200000,256,angular,IVF-Flat,"{""nlist"": 4096}",8,10,0,0.77367,0.771,0.0,0.28453333333333336,0.012122018533781118,0.3551666666666667,47.48,210.59
nytimes-256-angular,200000,256,angular,IVF-Flat,"{""nlist"": 4096}",16,10,0,0.807,0.80267,0.0,0.33453333333333335,0.001305118130030129,0.4146,47.48,210.59
nytimes-256-angular,200000,256,angular,IVF-Flat,"{""nlist"": 4096}",32,10,0,0.83733,0.8323300000000001,0.0,0.47209999999999996,0.011945291959596472,0.5872,47.48,210.59
nytimes-256-angular,200000,256,angular,IVF-Flat,"{""nlist"": 4096}",64,10,0,0.8643300000000002,0.85833,0.0,0.7283333333333334,0.023326880059993747,0.8788333333333332,47.48,210.59
nytimes-256-angular,200000,256,angular,IVF-Flat,"{""nlist"": 4096}",128,10,0,0.892,0.886,0.0,1.2056333333333333,0.015774768883674118,1.4039000000000001,47.48,210.59
nytimes-256-angular,200000,256,angular,IVF-PQ,"{""m"": 16, ""nbits"": 8, ""nlist"": 1024}",1,10,0,0.37633,0.37533,0.0,0.08773333333333333,0.000776745346515404,0.13116666666666665,26.48,5.849999999999999
nytimes-256-angular,200000,256,angular,IVF-PQ,"{""m"": 16, ""nbits"": 8, ""nlist"": 1024}",2,10,0,0.391,0.38967,0.0,0.09433333333333334,0.0010408329997330687,0.2152333333333333,26.48,5.849999999999999
nytimes-256-angular,200000,256,angular,IVF-PQ,"{""m"": 16, ""nbits"": 8, ""nlist"": 1024}",4,10,0,0.40767,0.4066699999999999,0.0,0.11086666666666667,0.0016289055630494176,0.16176666666666664,26.48,5.849999999999999
nytimes-256-angular,200000,256,angular,IVF-PQ,"{""m"": 16, ""nbits"": 8, ""nlist"": 1024}",8,10,0,0.41533,0.4143299999999999,0.0,0.13186666666666666,0.00313421973277775,0.18543333333333334,26.48,5.849999999999999
nytimes-256-angular,200000,256,angular,IVF-PQ,"{""m"": 16, ""nbits"": 8, ""nlist"": 1024}",16,10,0,0.41967,0.41866999999999993,0.0,0.1764,0.0040951190458886535,0.23896666666666666,26.48,5.849999999999999
nytimes-256-angular,200000,256,angular,IVF-PQ,"{""m"": 16, ""nbits"": 8, ""nlist"": 1024}",64,10,0,0.42632999999999993,0.42533,0.0,0.43916666666666665,0.015852549742339024,0.5273666666666667,26.48,5.849999999999999
nytimes-256-angular,200000,256,angular,IVF-PQ,"{""m"": 16, ""nbits"": 8, ""nlist"": 1024}",128,10,0,0.427,0.426,0.0,0.7283,0.008416056083463394,0.8295333333333333,26.48,5.849999999999999
nytimes-256-angular,200000,256,angular,IVF-PQ,"{""m"": 16, ""nbits"": 8, ""nlist"": 4096}",1,10,0,0.39467,0.39367,0.0,0.23566666666666666,0.0015502687938977937,0.3070333333333333,61.330000000000005,8.99
nytimes-256-angular,200000,256,angular,IVF-PQ,"{""m"": 16, ""nbits"": 8, ""nlist"": 4096}",2,10,0,0.434,0.433,0.0,0.2313333333333333,0.01057654638023836,0.31983333333333336,61.330000000000005,8.99
nytimes-256-angular,200000,256,angular,IVF-PQ,"{""m"": 16, ""nbits"": 8, ""nlist"": 4096}",4,10,0,0.451,0.45,0.0,0.22676666666666667,0.0008736894948054143,0.30093333333333333,61.330000000000005,8.99
nytimes-256-angular,200000,256,angular,IVF-PQ,"{""m"": 16, ""nbits"": 8, ""nlist"": 4096}",8,10,0,0.45866999999999997,0.45767,0.0,0.2473,0.008563293758829036,0.3222333333333333,61.330000000000005,8.99
nytimes-256-angular,200000,256,angular,IVF-PQ,"{""m"": 16, ""nbits"": 8, ""nlist"": 4096}",16,10,0,0.46333,0.461,0.0,0.2805666666666667,0.016350025484179964,0.35436666666666666,61.330000000000005,8.99
nytimes-256-angular,200000,256,angular,IVF-PQ,"{""m"": 16, ""nbits"": 8, ""nlist"": 4096}",64,10,0,0.46667,0.4643300000000001,0.0,0.4149,0.014819919028118859,0.5060333333333333,61.330000000000005,8.99
nytimes-256-angular,200000,256,angular,IVF-PQ,"{""m"": 16, ""nbits"": 8, ""nlist"": 4096}",128,10,0,0.468,0.46567,0.0,0.5779333333333333,0.007795083920865351,0.6579666666666667,61.330000000000005,8.99
nytimes-256-angular,200000,256,angular,IVF-PQ,"{""m"": 8, ""nbits"": 8, ""nlist"": 1024}",1,10,1,0.29067,0.29033,0.0,0.07033333333333334,0.0042442117446392005,0.12866666666666668,21.12,4.25
nytimes-256-angular,200000,256,angular,IVF-PQ,"{""m"": 8, ""nbits"": 8, ""nlist"": 1024}",2,10,0,0.298,0.29767,0.0,0.07203333333333334,0.0007023769168568414,0.11716666666666666,21.12,4.25
nytimes-256-angular,200000,256,angular,IVF-PQ,"{""m"": 8, ""nbits"": 8, ""nlist"": 1024}",4,10,0,0.30767,0.30733,0.0,0.08083333333333333,0.0018339392937971937,0.13863333333333333,21.12,4.25
nytimes-256-angular,200000,256,angular,IVF-PQ,"{""m"": 8, ""nbits"": 8, ""nlist"": 1024}",8,10,0,0.30967,0.309,0.0,0.0934,0.0028618176042508347,0.14243333333333333,21.12,4.25
nytimes-256-angular,200000,256,angular,IVF-PQ,"{""m"": 8, ""nbits"": 8, ""nlist"": 1024}",16,10,0,0.31067,0.31,0.0,0.11873333333333332,0.0016041612554021259,0.18030000000000002,21.12,4.25
nytimes-256-angular,200000,256,angular,IVF-PQ,"{""m"": 8, ""nbits"": 8, ""nlist"": 1024}",64,10,0,0.311,0.31033,0.0,0.26,0.004762352359916273,0.32970000000000005,21.12,4.25
nytimes-256-angular,200000,256,angular,IVF-PQ,"{""m"": 8, ""nbits"": 8, ""nlist"": 1024}",128,10,0,0.31067,0.31,0.0,0.47026666666666667,0.018352202410973264,0.5736666666666667,21.12,4.25
sift-128-euclidean,200000,128,euclidean,HNSW,"{""M"": 16, ""efConstruction"": 200}",10,10,1,0.73067,0.73067,0.0,0.04426666666666667,0.00168027775481714,0.08126666666666667,89.29,129.6
sift-128-euclidean,200000,128,euclidean,HNSW,"{""M"": 16, ""efConstruction"": 200}",16,10,0,0.828,0.828,0.0,0.06063333333333334,0.002059935274064044,0.10523333333333333,89.29,129.6
sift-128-euclidean,200000,128,euclidean,HNSW,"{""M"": 16, ""efConstruction"": 200}",32,10,0,0.9253300000000001,0.9253300000000001,0.0,0.10576666666666668,0.0013203534880225588,0.15316666666666667,89.29,129.6
sift-128-euclidean,200000,128,euclidean,HNSW,"{""M"": 16, ""efConstruction"": 200}",64,10,0,0.97867,0.97867,0.0,0.18456666666666666,0.0018009256878986865,0.2416,89.29,129.6
sift-128-euclidean,200000,128,euclidean,HNSW,"{""M"": 16, ""efConstruction"": 200}",128,10,0,0.99667,0.99667,0.0,0.33643333333333336,0.003980368492154133,0.40673333333333334,89.29,129.6
sift-128-euclidean,200000,128,euclidean,HNSW,"{""M"": 16, ""efConstruction"": 200}",256,10,0,0.999,0.999,0.0,0.6092,0.010836512354074013,0.7306666666666667,89.29,129.6
sift-128-euclidean,200000,128,euclidean,HNSW,"{""M"": 16, ""efConstruction"": 200}",512,10,0,0.99933,0.99933,0.0,1.1043,0.0011357816691599687,1.3212666666666666,89.29,129.6
sift-128-euclidean,200000,128,euclidean,HNSW,"{""M"": 32, ""efConstruction"": 200}",10,10,0,0.798,0.79767,0.0,0.05910000000000001,0.00043588989435406787,0.10873333333333333,108.86,155.2
sift-128-euclidean,200000,128,euclidean,HNSW,"{""M"": 32, ""efConstruction"": 200}",16,10,0,0.8763299999999999,0.876,0.0,0.08476666666666666,0.0017502380790433418,0.13383333333333333,108.86,155.2
sift-128-euclidean,200000,128,euclidean,HNSW,"{""M"": 32, ""efConstruction"": 200}",32,10,0,0.96233,0.9620000000000001,0.0,0.14396666666666666,0.0015567059238447613,0.20183333333333334,108.86,155.2
sift-128-euclidean,200000,128,euclidean,HNSW,"{""M"": 32, ""efConstruction"": 200}",64,10,0,0.99233,0.99233,0.0,0.26066666666666666,0.00202319878739914,0.33873333333333333,108.86,155.2
sift-128-euclidean,200000,128,euclidean,HNSW,"{""M"": 32, ""efConstruction"": 200}",128,10,0,0.99933,0.99933,0.0,0.45483333333333337,0.0024440403706431284,0.5777333333333333,108.86,155.2
sift-128-euclidean,200000,128,euclidean,HNSW,"{""M"": 32, ""efConstruction"": 200}",256,10,0,1.0,1.0,0.0,0.8056666666666666,0.010152011294976634,1.0088666666666668,108.86,155.2
sift-128-euclidean,200000,128,euclidean,HNSW,"{""M"": 32, ""efConstruction"": 200}",512,10,0,1.0,1.0,0.0,1.4546333333333334,0.008902995750495047,1.7935999999999999,108.86,155.2
sift-128-euclidean,200000,128,euclidean,HNSW,"{""M"": 48, ""efConstruction"": 400}",10,10,0,0.834,0.83333,0.0,0.07106666666666667,0.0003785938897200132,0.12663333333333335,216.93999999999997,180.80000000000004
sift-128-euclidean,200000,128,euclidean,HNSW,"{""M"": 48, ""efConstruction"": 400}",16,10,0,0.907,0.906,0.0,0.09923333333333333,0.001903505538035897,0.1569,216.93999999999997,180.80000000000004
sift-128-euclidean,200000,128,euclidean,HNSW,"{""M"": 48, ""efConstruction"": 400}",32,10,0,0.97633,0.976,0.0,0.1743,0.005802585630561603,0.23883333333333334,216.93999999999997,180.80000000000004
sift-128-euclidean,200000,128,euclidean,HNSW,"{""M"": 48, ""efConstruction"": 400}",64,10,0,0.99567,0.99567,0.0,0.3133333333333333,0.011940407586566417,0.45713333333333334,216.93999999999997,180.80000000000004
sift-128-euclidean,200000,128,euclidean,HNSW,"{""M"": 48, ""efConstruction"": 400}",128,10,0,0.99967,0.99967,0.0,0.5477666666666666,0.01970414507999096,0.7782,216.93999999999997,180.80000000000004
sift-128-euclidean,200000,128,euclidean,HNSW,"{""M"": 48, ""efConstruction"": 400}",256,10,0,1.0,1.0,0.0,0.9392333333333333,0.020757247730210555,1.2094333333333334,216.93999999999997,180.80000000000004
sift-128-euclidean,200000,128,euclidean,HNSW,"{""M"": 48, ""efConstruction"": 400}",512,10,0,1.0,1.0,0.0,1.6557333333333333,0.008957864328808149,2.134933333333333,216.93999999999997,180.80000000000004
sift-128-euclidean,200000,128,euclidean,HNSW,"{""M"": 8, ""efConstruction"": 100}",10,10,0,0.59267,0.59233,0.0,0.03403333333333333,0.0011846237095944566,0.05960000000000001,38.67,116.8
sift-128-euclidean,200000,128,euclidean,HNSW,"{""M"": 8, ""efConstruction"": 100}",16,10,0,0.689,0.68867,0.0,0.0424,0.0004358898943540659,0.0813,38.67,116.8
sift-128-euclidean,200000,128,euclidean,HNSW,"{""M"": 8, ""efConstruction"": 100}",32,10,0,0.82,0.81933,0.0,0.06863333333333334,0.0006027713773341688,0.11253333333333333,38.67,116.8
sift-128-euclidean,200000,128,euclidean,HNSW,"{""M"": 8, ""efConstruction"": 100}",64,10,0,0.918,0.9173300000000001,0.0,0.1218,0.0005291502622129162,0.17289999999999997,38.67,116.8
sift-128-euclidean,200000,128,euclidean,HNSW,"{""M"": 8, ""efConstruction"": 100}",128,10,0,0.973,0.973,0.0,0.23013333333333333,0.0035697805721547193,0.28736666666666666,38.67,116.8
sift-128-euclidean,200000,128,euclidean,HNSW,"{""M"": 8, ""efConstruction"": 100}",256,10,0,0.98767,0.98767,0.0,0.41979999999999995,0.0041073105555825724,0.4984,38.67,116.8
sift-128-euclidean,200000,128,euclidean,HNSW,"{""M"": 8, ""efConstruction"": 100}",512,10,0,0.9973300000000002,0.9973300000000002,0.0,0.7975666666666666,0.004974267115197302,0.9253666666666667,38.67,116.8
sift-128-euclidean,200000,128,euclidean,IVF-Flat,"{""nlist"": 100}",1,10,1,0.528,0.528,0.0,0.12746666666666664,0.0027300793639257696,0.21463333333333334,0.4000000000000001,104.05
sift-128-euclidean,200000,128,euclidean,IVF-Flat,"{""nlist"": 100}",2,10,0,0.69467,0.69467,0.0,0.2376,0.005741950887982241,0.36506666666666665,0.4000000000000001,104.05
sift-128-euclidean,200000,128,euclidean,IVF-Flat,"{""nlist"": 100}",4,10,0,0.86767,0.867,0.0,0.46763333333333335,0.007921068951431588,0.6302,0.4000000000000001,104.05
sift-128-euclidean,200000,128,euclidean,IVF-Flat,"{""nlist"": 100}",8,10,0,0.9659999999999999,0.9659999999999999,0.0,0.8890666666666668,0.00588585875920701,1.1573333333333333,0.4000000000000001,104.05
sift-128-euclidean,200000,128,euclidean,IVF-Flat,"{""nlist"": 100}",16,10,0,0.99567,0.99567,0.0,1.7175666666666665,0.015268376905661343,2.0638666666666667,0.4000000000000001,104.05
sift-128-euclidean,200000,128,euclidean,IVF-Flat,"{""nlist"": 100}",32,10,0,1.0,1.0,0.0,3.3795,0.025531940780128874,3.9050999999999996,0.4000000000000001,104.05
sift-128-euclidean,200000,128,euclidean,IVF-Flat,"{""nlist"": 100}",64,10,0,1.0,1.0,0.0,6.5565999999999995,0.06419041984595565,7.090366666666667,0.4000000000000001,104.05
sift-128-euclidean,200000,128,euclidean,IVF-Flat,"{""nlist"": 100}",128,10,0,1.0,1.0,0.0,10.941933333333333,0.2147377547925222,11.632233333333332,0.4000000000000001,104.05
sift-128-euclidean,200000,128,euclidean,IVF-Flat,"{""nlist"": 1024}",1,10,0,0.308,0.30767,0.0,0.038266666666666664,0.0004041451884327351,0.07646666666666667,7.75,104.52
sift-128-euclidean,200000,128,euclidean,IVF-Flat,"{""nlist"": 1024}",2,10,0,0.447,0.44666999999999996,0.0,0.0516,0.0009848857801796089,0.0941,7.75,104.52
sift-128-euclidean,200000,128,euclidean,IVF-Flat,"{""nlist"": 1024}",4,10,0,0.62133,0.621,0.0,0.0775,0.001248999599679676,0.126,7.75,104.52
sift-128-euclidean,200000,128,euclidean,IVF-Flat,"{""nlist"": 1024}",8,10,0,0.773,0.7726700000000001,0.0,0.12573333333333334,0.0010214368964029843,0.18573333333333333,7.75,104.52
sift-128-euclidean,200000,128,euclidean,IVF-Flat,"{""nlist"": 1024}",16,10,0,0.882,0.8816700000000001,0.0,0.2188,0.0014525839046334024,0.2997,7.75,104.52
sift-128-euclidean,200000,128,euclidean,IVF-Flat,"{""nlist"": 1024}",32,10,0,0.967,0.96667,0.0,0.39233333333333337,0.005651843357112225,0.5071333333333333,7.75,104.52
sift-128-euclidean,200000,128,euclidean,IVF-Flat,"{""nlist"": 1024}",64,10,0,0.99267,0.99267,0.0,0.7116000000000001,0.005761076288333644,0.8731333333333332,7.75,104.52
sift-128-euclidean,200000,128,euclidean,IVF-Flat,"{""nlist"": 1024}",128,10,0,0.99933,0.99933,0.0,1.3939666666666666,0.008409716602438689,1.6346999999999998,7.75,104.52
sift-128-euclidean,200000,128,euclidean,IVF-Flat,"{""nlist"": 4096}",1,10,0,0.225,0.225,0.0,0.1258,0.003750999866702214,0.17673333333333333,26.820000000000004,106.09999999999998
sift-128-euclidean,200000,128,euclidean,IVF-Flat,"{""nlist"": 4096}",2,10,0,0.34,0.34,0.0,0.12063333333333333,0.012302980668656408,0.17773333333333333,26.820000000000004,106.09999999999998
sift-128-euclidean,200000,128,euclidean,IVF-Flat,"{""nlist"": 4096}",4,10,0,0.496,0.496,0.0,0.12536666666666665,0.002635020556529546,0.18203333333333335,26.820000000000004,106.09999999999998
sift-128-euclidean,200000,128,euclidean,IVF-Flat,"{""nlist"": 4096}",8,10,0,0.64267,0.64267,0.0,0.131,0.0017435595774162637,0.1839333333333333,26.820000000000004,106.09999999999998
sift-128-euclidean,200000,128,euclidean,IVF-Flat,"{""nlist"": 4096}",16,10,0,0.7766699999999999,0.7763300000000001,0.0,0.16653333333333334,0.0077203195097957835,0.2302,26.820000000000004,106.09999999999998
sift-128-euclidean,200000,128,euclidean,IVF-Flat,"{""nlist"": 4096}",32,10,0,0.886,0.8856699999999998,0.0,0.22253333333333333,0.0036828431046316973,0.29843333333333333,26.820000000000004,106.09999999999998
sift-128-euclidean,200000,128,euclidean,IVF-Flat,"{""nlist"": 4096}",64,10,0,0.95267,0.952,0.0,0.3341,0.0033060550509633056,0.43039999999999995,26.820000000000004,106.09999999999998
sift-128-euclidean,200000,128,euclidean,IVF-Flat,"{""nlist"": 4096}",128,10,0,0.98833,0.988,0.0,0.5490333333333334,0.014492181800313331,0.6983666666666667,26.820000000000004,106.09999999999998
sift-128-euclidean,200000,128,euclidean,IVF-PQ,"{""m"": 16, ""nbits"": 8, ""nlist"": 1024}",1,10,0,0.27967,0.27933,0.0,0.04186666666666666,0.0004163331998932246,0.08126666666666667,12.18,5.32
sift-128-euclidean,200000,128,euclidean,IVF-PQ,"{""m"": 16, ""nbits"": 8, ""nlist"": 1024}",2,10,0,0.38367,0.38333,0.0,0.049133333333333334,0.00028867513459480916,0.09223333333333333,12.18,5.32
sift-128-euclidean,200000,128,euclidean,IVF-PQ,"{""m"": 16, ""nbits"": 8, ""nlist"": 1024}",4,10,0,0.48167,0.48133,0.0,0.064,0.00043588989435406315,0.10823333333333333,12.18,5.32
sift-128-euclidean,200000,128,euclidean,IVF-PQ,"{""m"": 16, ""nbits"": 8, ""nlist"": 1024}",8,10,0,0.54467,0.54433,0.0,0.09436666666666667,0.0009609023536933044,0.14586666666666667,12.18,5.32
sift-128-euclidean,200000,128,euclidean,IVF-PQ,"{""m"": 16, ""nbits"": 8, ""nlist"": 1024}",16,10,0,0.58167,0.58133,0.0,0.15033333333333335,0.0014977761292440605,0.3142,12.18,5.32
sift-128-euclidean,200000,128,euclidean,IVF-PQ,"{""m"": 16, ""nbits"": 8, ""nlist"": 1024}",64,10,0,0.604,0.60367,0.0,0.46806666666666663,0.0021221058723195994,0.5643666666666667,12.18,5.32
sift-128-euclidean,200000,128,euclidean,IVF-PQ,"{""m"": 16, ""nbits"": 8, ""nlist"": 1024}",128,10,0,0.604,0.60367,0.0,0.8809333333333335,0.016467037782592647,0.9846,12.18,5.32
sift-128-euclidean,200000,128,euclidean,IVF-PQ,"{""m"": 16, ""nbits"": 8, ""nlist"": 4096}",1,10,0,0.21533,0.21533,0.0,0.12696666666666667,0.0021126602503321146,0.1776,32.2,6.900000000000001
sift-128-euclidean,200000,128,euclidean,IVF-PQ,"{""m"": 16, ""nbits"": 8, ""nlist"": 4096}",2,10,0,0.31433,0.31433,0.0,0.1287,0.0009165151389911746,0.18083333333333332,32.2,6.900000000000001
sift-128-euclidean,200000,128,euclidean,IVF-PQ,"{""m"": 16, ""nbits"": 8, ""nlist"": 4096}",4,10,0,0.427,0.427,0.0,0.13826666666666668,0.0016441816606851338,0.19153333333333333,32.2,6.900000000000001
sift-128-euclidean,200000,128,euclidean,IVF-PQ,"{""m"": 16, ""nbits"": 8, ""nlist"": 4096}",8,10,0,0.50967,0.50967,0.0,0.15586666666666668,0.0004041451884327416,0.20836666666666667,32.2,6.900000000000001
sift-128-euclidean,200000,128,euclidean,IVF-PQ,"{""m"": 16, ""nbits"": 8, ""nlist"": 4096}",16,10,0,0.56467,0.56467,0.0,0.20686666666666667,0.021635464712673323,0.3080333333333333,32.2,6.900000000000001
sift-128-euclidean,200000,128,euclidean,IVF-PQ,"{""m"": 16, ""nbits"": 8, ""nlist"": 4096}",64,10,0,0.61033,0.61033,0.0,0.3836333333333333,0.007642861593234126,0.46763333333333335,32.2,6.900000000000001
sift-128-euclidean,200000,128,euclidean,IVF-PQ,"{""m"": 16, ""nbits"": 8, ""nlist"": 4096}",128,10,0,0.616,0.61567,0.0,0.6045333333333333,0.009847503913852106,0.7105666666666667,32.2,6.900000000000001
sift-128-euclidean,200000,128,euclidean,IVF-PQ,"{""m"": 8, ""nbits"": 8, ""nlist"": 1024}",1,10,1,0.24233000000000002,0.242,0.0,0.053766666666666664,0.004015387071420803,0.0981,13.449999999999998,3.72
sift-128-euclidean,200000,128,euclidean,IVF-PQ,"{""m"": 8, ""nbits"": 8, ""nlist"": 1024}",2,10,0,0.319,0.31867,0.0,0.059566666666666664,0.006180884510596625,0.10636666666666666,13.449999999999998,3.72
sift-128-euclidean,200000,128,euclidean,IVF-PQ,"{""m"": 8, ""nbits"": 8, ""nlist"": 1024}",4,10,0,0.375,0.37467,0.0,0.0669,0.0039849717690342585,0.1093,13.449999999999998,3.72
sift-128-euclidean,200000,128,euclidean,IVF-PQ,"{""m"": 8, ""nbits"": 8, ""nlist"": 1024}",8,10,0,0.41,0.40967,0.0,0.08123333333333334,0.0006806859285554053,0.13356666666666667,13.449999999999998,3.72
sift-128-euclidean,200000,128,euclidean,IVF-PQ,"{""m"": 8, ""nbits"": 8, ""nlist"": 1024}",16,10,0,0.42933,0.429,0.0,0.11209999999999999,0.000519615242270663,0.16093333333333334,13.449999999999998,3.72
sift-128-euclidean,200000,128,euclidean,IVF-PQ,"{""m"": 8, ""nbits"": 8, ""nlist"": 1024}",64,10,0,0.435,0.43466999999999995,0.0,0.30666666666666664,0.00528803681278161,0.3881333333333334,13.449999999999998,3.72
sift-128-euclidean,200000,128,euclidean,IVF-PQ,"{""m"": 8, ""nbits"": 8, ""nlist"": 1024}",128,10,0,0.435,0.43466999999999995,0.0,0.5263666666666666,0.002953528962670456,0.6054,13.449999999999998,3.72
