dataset,family,n_configs_measured,n_on_frontier,best_recall_measured,default_params,default_recall,default_latency_ms,best_recall_at_default_latency,cheapest_latency_for_default_recall_ms,latency_ms_at_recall_0.9,params_at_recall_0.9,latency_ms_at_recall_0.95,params_at_recall_0.95,latency_ms_at_recall_0.99,params_at_recall_0.99,q_std,n,default_recall_ci95
fashion-mnist-784-euclidean,HNSW,28,13,1.0,"{""M"": 16, ""efConstruction"": 200} / qp=10",0.93033,0.08583333333333333,0.93967,0.08306666666666666,0.08306666666666666,"{""M"": 8, ""efConstruction"": 100} / qp=16",0.1149,"{""M"": 16, ""efConstruction"": 200} / qp=16",0.1845,"{""M"": 16, ""efConstruction"": 200} / qp=32",0.11205,300.0,0.012679651141888721
fashion-mnist-784-euclidean,IVF-Flat,24,9,1.0,"{""nlist"": 100} / qp=1",0.69833,0.2646,0.86967,0.24006666666666665,0.3345666666666667,"{""nlist"": 1024} / qp=8",0.3345666666666667,"{""nlist"": 1024} / qp=8",0.5286333333333334,"{""nlist"": 1024} / qp=16",0.27957,300.0,0.03163632369243935
fashion-mnist-784-euclidean,IVF-PQ,21,11,0.62467,"{""m"": 8, ""nbits"": 8, ""nlist"": 1024} / qp=1",0.38000000000000006,0.14343333333333333,0.38000000000000006,0.14343333333333333,,,,,,,0.19509,300.0,0.022076511747175998
glove-100-angular,HNSW,28,19,0.9973300000000002,"{""M"": 16, ""efConstruction"": 200} / qp=10",0.515,0.0409,0.515,0.0409,0.38056666666666666,"{""M"": 48, ""efConstruction"": 400} / qp=64",0.7199,"{""M"": 48, ""efConstruction"": 400} / qp=128",1.8648666666666667,"{""M"": 32, ""efConstruction"": 200} / qp=512",,,
glove-100-angular,IVF-Flat,24,13,1.0,"{""nlist"": 100} / qp=1",0.50067,0.10646666666666667,0.681,0.06233333333333333,0.5729000000000001,"{""nlist"": 1024} / qp=64",1.0765666666666667,"{""nlist"": 1024} / qp=128",5.224066666666666,"{""nlist"": 100} / qp=64",,,
glove-100-angular,IVF-PQ,21,10,0.31033,"{""m"": 5, ""nbits"": 8, ""nlist"": 1024} / qp=1",0.128,0.038766666666666665,0.128,0.038766666666666665,,,,,,,,,
glove-25-angular,HNSW,28,15,1.0,"{""M"": 16, ""efConstruction"": 200} / qp=10",0.763,0.028433333333333335,0.763,0.028433333333333335,0.056066666666666674,"{""M"": 32, ""efConstruction"": 200} / qp=16",0.09416666666666666,"{""M"": 32, ""efConstruction"": 200} / qp=32",0.20299999999999999,"{""M"": 48, ""efConstruction"": 400} / qp=64",0.21807,300.0,0.02467694354762761
glove-25-angular,IVF-Flat,24,11,1.0,"{""nlist"": 100} / qp=1",0.564,0.04093333333333333,0.81133,0.025933333333333336,0.060700000000000004,"{""nlist"": 1024} / qp=16",0.10629999999999999,"{""nlist"": 1024} / qp=32",0.3555,"{""nlist"": 1024} / qp=128",0.30651,300.0,0.034684871677825184
glove-25-angular,IVF-PQ,14,9,0.38599999999999995,"{""m"": 5, ""nbits"": 8, ""nlist"": 1024} / qp=1",0.24732999999999997,0.022000000000000002,0.24732999999999997,0.022000000000000002,,,,,,,0.17549,300.0,0.019858562953057133
mnist-784-euclidean,HNSW,28,15,1.0,"{""M"": 16, ""efConstruction"": 200} / qp=10",0.9293299999999999,0.08883333333333333,0.931,0.07863333333333333,0.07863333333333333,"{""M"": 8, ""efConstruction"": 100} / qp=16",0.1191,"{""M"": 16, ""efConstruction"": 200} / qp=16",0.20606666666666665,"{""M"": 8, ""efConstruction"": 100} / qp=64",0.12078,300.0,0.013667543640493706
mnist-784-euclidean,IVF-Flat,24,11,1.0,"{""nlist"": 100} / qp=1",0.64233,0.22593333333333332,0.8169999999999998,0.17086666666666664,0.30616666666666664,"{""nlist"": 1024} / qp=8",0.4724333333333333,"{""nlist"": 1024} / qp=16",0.8332999999999999,"{""nlist"": 1024} / qp=32",0.28315,300.0,0.03204143882932433
mnist-784-euclidean,IVF-PQ,21,13,0.6676699999999999,"{""m"": 8, ""nbits"": 8, ""nlist"": 1024} / qp=1",0.39267,0.15656666666666666,0.39267,0.15656666666666666,,,,,,,0.18509999999999996,300.0,0.02094603682609194
nytimes-256-angular,HNSW,28,16,0.993,"{""M"": 16, ""efConstruction"": 200} / qp=10",0.67867,0.07723333333333333,0.67867,0.07723333333333333,0.5235666666666666,"{""M"": 32, ""efConstruction"": 200} / qp=64",1.7918333333333336,"{""M"": 48, ""efConstruction"": 400} / qp=128",6.675,"{""M"": 48, ""efConstruction"": 400} / qp=512",,,
nytimes-256-angular,IVF-Flat,24,13,1.0,"{""nlist"": 100} / qp=1",0.48233,0.2885,0.77367,0.0892,3.2165,"{""nlist"": 1024} / qp=128",15.099566666666666,"{""nlist"": 100} / qp=64",23.48313333333333,"{""nlist"": 100} / qp=128",,,
nytimes-256-angular,IVF-PQ,21,13,0.468,"{""m"": 8, ""nbits"": 8, ""nlist"": 1024} / qp=1",0.29067,0.07033333333333334,0.298,0.07033333333333334,,,,,,,,,
sift-128-euclidean,HNSW,28,18,1.0,"{""M"": 16, ""efConstruction"": 200} / qp=10",0.73067,0.04426666666666667,0.73067,0.04426666666666667,0.09923333333333333,"{""M"": 48, ""efConstruction"": 400} / qp=16",0.14396666666666666,"{""M"": 32, ""efConstruction"": 200} / qp=32",0.26066666666666666,"{""M"": 32, ""efConstruction"": 200} / qp=64",,,
sift-128-euclidean,IVF-Flat,24,13,1.0,"{""nlist"": 100} / qp=1",0.528,0.12746666666666664,0.773,0.0775,0.3341,"{""nlist"": 4096} / qp=64",0.3341,"{""nlist"": 4096} / qp=64",0.7116000000000001,"{""nlist"": 1024} / qp=64",,,
sift-128-euclidean,IVF-PQ,21,7,0.616,"{""m"": 8, ""nbits"": 8, ""nlist"": 1024} / qp=1",0.24233000000000002,0.053766666666666664,0.38367,0.04186666666666666,,,,,,,,,
