dataset,family,target,oracle_qp,oracle_latency_ms,max_recall
fashion-mnist-784-euclidean,HNSW,0.9,10.0,0.0863,1.0
glove-100-angular,HNSW,0.9,192.0,0.44883333333333336,0.98433
glove-25-angular,HNSW,0.9,24.0,0.05296666666666666,1.0
mnist-784-euclidean,HNSW,0.9,10.0,0.08573333333333333,1.0
nytimes-256-angular,HNSW,0.9,160.0,0.6015,0.9736699999999999
sift-128-euclidean,HNSW,0.9,32.0,0.0968,1.0
synthetic-id16-128,HNSW,0.9,16.0,0.04623333333333333,1.0
synthetic-id24-128,HNSW,0.9,24.0,0.0716,1.0
synthetic-id32-128,HNSW,0.9,32.0,0.08946666666666668,1.0
synthetic-id4-128,HNSW,0.9,10.0,0.019733333333333335,1.0
synthetic-id48-128,HNSW,0.9,32.0,0.13153333333333334,0.99967
synthetic-id8-128,HNSW,0.9,10.0,0.029133333333333334,1.0
fashion-mnist-784-euclidean,IVF-Flat,0.9,6.0,0.3007666666666667,1.0
glove-100-angular,IVF-Flat,0.9,64.0,0.5318333333333333,0.9860000000000001
glove-25-angular,IVF-Flat,0.9,16.0,0.07006666666666667,1.0
mnist-784-euclidean,IVF-Flat,0.9,8.0,0.27153333333333335,1.0
nytimes-256-angular,IVF-Flat,0.9,128.0,2.6475333333333335,0.95133
sift-128-euclidean,IVF-Flat,0.9,24.0,0.27140000000000003,1.0
synthetic-id16-128,IVF-Flat,0.9,12.0,0.15416666666666665,1.0
synthetic-id24-128,IVF-Flat,0.9,12.0,0.18613333333333335,1.0
synthetic-id32-128,IVF-Flat,0.9,16.0,0.20620000000000002,1.0
synthetic-id4-128,IVF-Flat,0.9,2.0,0.03863333333333333,1.0
synthetic-id48-128,IVF-Flat,0.9,16.0,0.20503333333333332,1.0
synthetic-id8-128,IVF-Flat,0.9,6.0,0.0909,1.0
fashion-mnist-784-euclidean,HNSW,0.95,12.0,0.09443333333333333,1.0
glove-100-angular,HNSW,0.95,512.0,0.9517333333333333,0.98433
glove-25-angular,HNSW,0.95,40.0,0.07876666666666667,1.0
mnist-784-euclidean,HNSW,0.95,16.0,0.12333333333333334,1.0
nytimes-256-angular,HNSW,0.95,512.0,1.742,0.9736699999999999
sift-128-euclidean,HNSW,0.95,48.0,0.11906666666666667,1.0
synthetic-id16-128,HNSW,0.95,20.0,0.054433333333333334,1.0
synthetic-id24-128,HNSW,0.95,32.0,0.08739999999999999,1.0
synthetic-id32-128,HNSW,0.95,40.0,0.10510000000000001,1.0
synthetic-id4-128,HNSW,0.95,10.0,0.019733333333333335,1.0
synthetic-id48-128,HNSW,0.95,48.0,0.16746666666666665,0.99967
synthetic-id8-128,HNSW,0.95,10.0,0.029133333333333334,1.0
fashion-mnist-784-euclidean,IVF-Flat,0.95,8.0,0.326,1.0
glove-100-angular,IVF-Flat,0.95,128.0,1.0788666666666666,0.9860000000000001
glove-25-angular,IVF-Flat,0.95,32.0,0.10113333333333334,1.0
mnist-784-euclidean,IVF-Flat,0.95,12.0,0.37556666666666666,1.0
nytimes-256-angular,IVF-Flat,0.95,256.0,5.414766666666666,0.95133
sift-128-euclidean,IVF-Flat,0.95,32.0,0.3651,1.0
synthetic-id16-128,IVF-Flat,0.95,12.0,0.15416666666666665,1.0
synthetic-id24-128,IVF-Flat,0.95,16.0,0.22413333333333332,1.0
synthetic-id32-128,IVF-Flat,0.95,24.0,0.28119999999999995,1.0
synthetic-id4-128,IVF-Flat,0.95,3.0,0.04853333333333334,1.0
synthetic-id48-128,IVF-Flat,0.95,24.0,0.2947666666666667,1.0
synthetic-id8-128,IVF-Flat,0.95,8.0,0.1297,1.0
