dataset,family,build_params,query_param,k,recall,recall_q_std,n_query,latency_ms,latency_sd,is_default
fashion-mnist-784-euclidean,HNSW,"{""M"": 16, ""efConstruction"": 200}",10,10,0.93067,0.11211,300,0.0863,0.004553020975132884,1
fashion-mnist-784-euclidean,HNSW,"{""M"": 16, ""efConstruction"": 200}",12,10,0.95433,0.08586,300,0.09443333333333333,0.004808672720547043,0
fashion-mnist-784-euclidean,HNSW,"{""M"": 16, ""efConstruction"": 200}",16,10,0.972,0.06903,300,0.11666666666666665,0.0014047538337137002,0
fashion-mnist-784-euclidean,HNSW,"{""M"": 16, ""efConstruction"": 200}",20,10,0.9816699999999999,0.05392,300,0.13426666666666667,0.000550757054728598,0
fashion-mnist-784-euclidean,HNSW,"{""M"": 16, ""efConstruction"": 200}",24,10,0.99033,0.03281,300,0.1471,0.003377869150810917,0
fashion-mnist-784-euclidean,HNSW,"{""M"": 16, ""efConstruction"": 200}",32,10,0.99433,0.02456,300,0.1832666666666667,0.004561067126598041,0
fashion-mnist-784-euclidean,HNSW,"{""M"": 16, ""efConstruction"": 200}",40,10,0.99567,0.02197,300,0.21350000000000002,0.002260530911091473,0
fashion-mnist-784-euclidean,HNSW,"{""M"": 16, ""efConstruction"": 200}",48,10,0.99667,0.01798,300,0.24116666666666667,0.0005033222956847164,0
fashion-mnist-784-euclidean,HNSW,"{""M"": 16, ""efConstruction"": 200}",64,10,0.99767,0.01512,300,0.32453333333333334,0.03176953467291164,0
fashion-mnist-784-euclidean,HNSW,"{""M"": 16, ""efConstruction"": 200}",80,10,0.99833,0.01282,300,0.35309999999999997,0.00851058164874762,0
fashion-mnist-784-euclidean,HNSW,"{""M"": 16, ""efConstruction"": 200}",96,10,0.99833,0.01282,300,0.3922666666666667,0.01285081060997063,0
fashion-mnist-784-euclidean,HNSW,"{""M"": 16, ""efConstruction"": 200}",128,10,0.999,0.00997,300,0.47459999999999997,0.009853425800197605,0
fashion-mnist-784-euclidean,HNSW,"{""M"": 16, ""efConstruction"": 200}",160,10,0.999,0.00997,300,0.5449,0.025859814384484713,0
fashion-mnist-784-euclidean,HNSW,"{""M"": 16, ""efConstruction"": 200}",192,10,0.999,0.00997,300,0.5981333333333333,0.008164761682580443,0
fashion-mnist-784-euclidean,HNSW,"{""M"": 16, ""efConstruction"": 200}",256,10,0.999,0.00997,300,0.7751666666666667,0.017827039387776442,0
fashion-mnist-784-euclidean,HNSW,"{""M"": 16, ""efConstruction"": 200}",320,10,0.99933,0.00815,300,0.8885,0.03469812675058981,0
fashion-mnist-784-euclidean,HNSW,"{""M"": 16, ""efConstruction"": 200}",384,10,1.0,0.0,300,1.0297999999999998,0.02632717227504686,0
fashion-mnist-784-euclidean,HNSW,"{""M"": 16, ""efConstruction"": 200}",512,10,1.0,0.0,300,1.2351666666666667,0.024565490700031507,0
fashion-mnist-784-euclidean,HNSW,"{""M"": 16, ""efConstruction"": 200}",640,10,1.0,0.0,300,1.4755333333333336,0.05186610967995713,0
fashion-mnist-784-euclidean,HNSW,"{""M"": 16, ""efConstruction"": 200}",768,10,1.0,0.0,300,1.7251,0.08236406983630659,0
fashion-mnist-784-euclidean,HNSW,"{""M"": 16, ""efConstruction"": 200}",1024,10,1.0,0.0,300,2.1221333333333336,0.043440112031777105,0
fashion-mnist-784-euclidean,IVF-Flat,"{""nlist"": 1024}",1,10,0.49967,0.25818,300,0.16066666666666665,0.00891141589947038,0
fashion-mnist-784-euclidean,IVF-Flat,"{""nlist"": 1024}",2,10,0.68967,0.22942000000000004,300,0.18646666666666667,0.00739278927965172,0
fashion-mnist-784-euclidean,IVF-Flat,"{""nlist"": 1024}",3,10,0.8043299999999999,0.18618,300,0.20826666666666668,0.00040414518843273276,0
fashion-mnist-784-euclidean,IVF-Flat,"{""nlist"": 1024}",4,10,0.86967,0.16371,300,0.2396,0.013689046716261878,0
fashion-mnist-784-euclidean,IVF-Flat,"{""nlist"": 1024}",6,10,0.936,0.11230999999999998,300,0.3007666666666667,0.012687132589097231,0
fashion-mnist-784-euclidean,IVF-Flat,"{""nlist"": 1024}",8,10,0.96267,0.081,300,0.326,0.003051229260478468,0
fashion-mnist-784-euclidean,IVF-Flat,"{""nlist"": 1024}",12,10,0.98267,0.05007999999999999,300,0.4387666666666667,0.027403892667526866,0
fashion-mnist-784-euclidean,IVF-Flat,"{""nlist"": 1024}",16,10,0.99133,0.0336,300,0.5223,0.010971326264403976,0
fashion-mnist-784-euclidean,IVF-Flat,"{""nlist"": 1024}",24,10,0.997,0.01894,300,0.6880333333333333,0.005991939029507369,0
fashion-mnist-784-euclidean,IVF-Flat,"{""nlist"": 1024}",32,10,0.99933,0.00815,300,0.8928666666666666,0.019828598874689424,0
fashion-mnist-784-euclidean,IVF-Flat,"{""nlist"": 1024}",48,10,0.99967,0.00577,300,1.2853666666666665,0.00816843518266102,0
fashion-mnist-784-euclidean,IVF-Flat,"{""nlist"": 1024}",64,10,1.0,0.0,300,1.5768666666666666,0.02202369935622379,0
fashion-mnist-784-euclidean,IVF-Flat,"{""nlist"": 1024}",96,10,1.0,0.0,300,2.1797666666666666,0.08989351107467838,0
fashion-mnist-784-euclidean,IVF-Flat,"{""nlist"": 1024}",128,10,1.0,0.0,300,2.8556333333333335,0.12185418882144886,0
fashion-mnist-784-euclidean,IVF-Flat,"{""nlist"": 1024}",192,10,1.0,0.0,300,4.229433333333334,0.037936965262568484,0
fashion-mnist-784-euclidean,IVF-Flat,"{""nlist"": 1024}",256,10,1.0,0.0,300,5.594566666666666,0.09483250146090924,0
glove-100-angular,HNSW,"{""M"": 16, ""efConstruction"": 200}",10,10,0.503,0.33793999999999996,300,0.036366666666666665,0.0015821925715074417,1
glove-100-angular,HNSW,"{""M"": 16, ""efConstruction"": 200}",12,10,0.53633,0.34308,300,0.04016666666666666,0.0002516611478423621,0
glove-100-angular,HNSW,"{""M"": 16, ""efConstruction"": 200}",16,10,0.59367,0.33641000000000004,300,0.05006666666666667,0.002103172207246319,0
glove-100-angular,HNSW,"{""M"": 16, ""efConstruction"": 200}",20,10,0.63,0.33217,300,0.058633333333333336,0.0005131601439446891,0
glove-100-angular,HNSW,"{""M"": 16, ""efConstruction"": 200}",24,10,0.66533,0.3224,300,0.06876666666666667,0.0011846237095944592,0
glove-100-angular,HNSW,"{""M"": 16, ""efConstruction"": 200}",32,10,0.71033,0.30524,300,0.08353333333333333,0.0033827996294982345,0
glove-100-angular,HNSW,"{""M"": 16, ""efConstruction"": 200}",40,10,0.74467,0.28509,300,0.11563333333333332,0.018470607281119194,0
glove-100-angular,HNSW,"{""M"": 16, ""efConstruction"": 200}",48,10,0.7719999999999999,0.27325,300,0.1283,0.0074639131827748334,0
glove-100-angular,HNSW,"{""M"": 16, ""efConstruction"": 200}",64,10,0.8083300000000001,0.25517,300,0.15416666666666667,0.002569695182961079,0
glove-100-angular,HNSW,"{""M"": 16, ""efConstruction"": 200}",80,10,0.834,0.23854,300,0.19826666666666667,0.002484619353811227,0
glove-100-angular,HNSW,"{""M"": 16, ""efConstruction"": 200}",96,10,0.85133,0.2221,300,0.23136666666666664,0.012209968604928236,0
glove-100-angular,HNSW,"{""M"": 16, ""efConstruction"": 200}",128,10,0.87433,0.20408,300,0.3747666666666667,0.08438058623482853,0
glove-100-angular,HNSW,"{""M"": 16, ""efConstruction"": 200}",160,10,0.89033,0.18616,300,0.3511666666666667,0.032020358107512394,0
glove-100-angular,HNSW,"{""M"": 16, ""efConstruction"": 200}",192,10,0.90333,0.16638,300,0.44883333333333336,0.09126172983969422,0
glove-100-angular,HNSW,"{""M"": 16, ""efConstruction"": 200}",256,10,0.92433,0.13454,300,0.5448666666666667,0.027365184693937904,0
glove-100-angular,HNSW,"{""M"": 16, ""efConstruction"": 200}",320,10,0.93667,0.11874999999999998,300,0.6491666666666667,0.02844192914225988,0
glove-100-angular,HNSW,"{""M"": 16, ""efConstruction"": 200}",384,10,0.94833,0.10065,300,0.7800333333333334,0.03430544174520032,0
glove-100-angular,HNSW,"{""M"": 16, ""efConstruction"": 200}",512,10,0.961,0.08408,300,0.9517333333333333,0.02793212010093993,0
glove-100-angular,HNSW,"{""M"": 16, ""efConstruction"": 200}",640,10,0.972,0.07326,300,1.1782666666666666,0.022095323788832093,0
glove-100-angular,HNSW,"{""M"": 16, ""efConstruction"": 200}",768,10,0.979,0.06486,300,1.4423666666666666,0.023208260023822008,0
glove-100-angular,HNSW,"{""M"": 16, ""efConstruction"": 200}",1024,10,0.98433,0.05714,300,1.944,0.02582169630368997,0
glove-100-angular,IVF-Flat,"{""nlist"": 1024}",1,10,0.3353300000000001,0.31039,300,0.02526666666666667,0.0003511884584284259,0
glove-100-angular,IVF-Flat,"{""nlist"": 1024}",2,10,0.45767,0.32206,300,0.0358,0.0011999999999999997,0
glove-100-angular,IVF-Flat,"{""nlist"": 1024}",3,10,0.52933,0.32075,300,0.046066666666666665,0.0014224392195567874,0
glove-100-angular,IVF-Flat,"{""nlist"": 1024}",4,10,0.579,0.32084,300,0.05073333333333333,0.0020256686138984663,0
glove-100-angular,IVF-Flat,"{""nlist"": 1024}",6,10,0.64267,0.30434,300,0.0752,0.012272326592785902,0
glove-100-angular,IVF-Flat,"{""nlist"": 1024}",8,10,0.681,0.29659,300,0.09970000000000001,0.02356628948307307,0
glove-100-angular,IVF-Flat,"{""nlist"": 1024}",12,10,0.7316699999999999,0.27921,300,0.1174,0.002920616373302045,0
glove-100-angular,IVF-Flat,"{""nlist"": 1024}",16,10,0.77033,0.2588,300,0.1648666666666667,0.0014364307617610182,0
glove-100-angular,IVF-Flat,"{""nlist"": 1024}",24,10,0.816,0.23178,300,0.23596666666666666,0.0037233497463082118,0
glove-100-angular,IVF-Flat,"{""nlist"": 1024}",32,10,0.84567,0.21565,300,0.27776666666666666,0.013900119903559598,0
glove-100-angular,IVF-Flat,"{""nlist"": 1024}",48,10,0.8856699999999998,0.17105,300,0.3776,0.01664421821534433,0
glove-100-angular,IVF-Flat,"{""nlist"": 1024}",64,10,0.907,0.14919,300,0.5318333333333333,0.00889625389325948,0
glove-100-angular,IVF-Flat,"{""nlist"": 1024}",96,10,0.93667,0.11298000000000001,300,0.8171666666666667,0.033212848919256154,0
glove-100-angular,IVF-Flat,"{""nlist"": 1024}",128,10,0.9573300000000001,0.08207,300,1.0788666666666666,0.028469691486444574,0
glove-100-angular,IVF-Flat,"{""nlist"": 1024}",192,10,0.9776700000000002,0.05667,300,1.6232333333333333,0.12511504039616234,0
glove-100-angular,IVF-Flat,"{""nlist"": 1024}",256,10,0.9860000000000001,0.03927,300,2.0902,0.019578559701877732,0
glove-25-angular,HNSW,"{""M"": 16, ""efConstruction"": 200}",10,10,0.77,0.21162,300,0.030533333333333332,0.0009291573243177596,1
glove-25-angular,HNSW,"{""M"": 16, ""efConstruction"": 200}",12,10,0.798,0.20592,300,0.03216666666666667,0.0002309401076758534,0
glove-25-angular,HNSW,"{""M"": 16, ""efConstruction"": 200}",16,10,0.851,0.17397000000000004,300,0.03783333333333333,0.0011060440015358017,0
glove-25-angular,HNSW,"{""M"": 16, ""efConstruction"": 200}",20,10,0.88333,0.15077,300,0.045000000000000005,0.0026286878856189777,0
glove-25-angular,HNSW,"{""M"": 16, ""efConstruction"": 200}",24,10,0.90667,0.13247,300,0.05296666666666666,0.0016041612554021328,0
glove-25-angular,HNSW,"{""M"": 16, ""efConstruction"": 200}",32,10,0.93133,0.10859,300,0.06616666666666667,0.0010692676621563626,0
glove-25-angular,HNSW,"{""M"": 16, ""efConstruction"": 200}",40,10,0.95267,0.08786,300,0.07876666666666667,0.0009073771725877478,0
glove-25-angular,HNSW,"{""M"": 16, ""efConstruction"": 200}",48,10,0.961,0.08083,300,0.09226666666666666,0.002850146195080769,0
glove-25-angular,HNSW,"{""M"": 16, ""efConstruction"": 200}",64,10,0.9780000000000001,0.055909999999999994,300,0.12430000000000001,0.002193171219946137,0
glove-25-angular,HNSW,"{""M"": 16, ""efConstruction"": 200}",80,10,0.9853299999999999,0.04463,300,0.15023333333333333,0.002853652630109938,0
glove-25-angular,HNSW,"{""M"": 16, ""efConstruction"": 200}",96,10,0.98767,0.03941,300,0.1756333333333333,0.0034847285881878,0
glove-25-angular,HNSW,"{""M"": 16, ""efConstruction"": 200}",128,10,0.9936700000000002,0.02821,300,0.2206,0.002771281292110205,0
glove-25-angular,HNSW,"{""M"": 16, ""efConstruction"": 200}",160,10,0.99533,0.02409,300,0.2478,0.009462029380635001,0
glove-25-angular,HNSW,"{""M"": 16, ""efConstruction"": 200}",192,10,0.9973300000000002,0.01614,300,0.32343333333333335,0.030198068370896405,0
glove-25-angular,HNSW,"{""M"": 16, ""efConstruction"": 200}",256,10,0.9986700000000001,0.01149,300,0.40243333333333337,0.004500370355130059,0
glove-25-angular,HNSW,"{""M"": 16, ""efConstruction"": 200}",320,10,0.999,0.00997,300,0.4877666666666667,0.002829016319029176,0
glove-25-angular,HNSW,"{""M"": 16, ""efConstruction"": 200}",384,10,1.0,0.0,300,0.6439,0.05376067335887824,0
glove-25-angular,HNSW,"{""M"": 16, ""efConstruction"": 200}",512,10,1.0,0.0,300,0.7471,0.04581888257039893,0
glove-25-angular,HNSW,"{""M"": 16, ""efConstruction"": 200}",640,10,1.0,0.0,300,0.9785,0.024578649271267967,0
glove-25-angular,HNSW,"{""M"": 16, ""efConstruction"": 200}",768,10,1.0,0.0,300,1.0834,0.019955700939831646,0
glove-25-angular,HNSW,"{""M"": 16, ""efConstruction"": 200}",1024,10,1.0,0.0,300,1.423,0.046005217095455554,0
glove-25-angular,IVF-Flat,"{""nlist"": 1024}",1,10,0.408,0.30062,300,0.016200000000000003,0.0002000000000000014,0
glove-25-angular,IVF-Flat,"{""nlist"": 1024}",2,10,0.553,0.30298,300,0.019366666666666667,0.0005507570547286124,0
glove-25-angular,IVF-Flat,"{""nlist"": 1024}",3,10,0.63367,0.28713,300,0.02206666666666667,0.0001527525231651963,0
glove-25-angular,IVF-Flat,"{""nlist"": 1024}",4,10,0.693,0.26207,300,0.0241,0.0005567764362830015,0
glove-25-angular,IVF-Flat,"{""nlist"": 1024}",6,10,0.75933,0.23931,300,0.0299,0.0003464101615137756,0
glove-25-angular,IVF-Flat,"{""nlist"": 1024}",8,10,0.81133,0.20497,300,0.0331,0.0006928203230275482,0
glove-25-angular,IVF-Flat,"{""nlist"": 1024}",12,10,0.86933,0.17114,300,0.044399999999999995,0.0004358898943540628,0
glove-25-angular,IVF-Flat,"{""nlist"": 1024}",16,10,0.90367,0.14102,300,0.07006666666666667,0.026704743648523075,0
glove-25-angular,IVF-Flat,"{""nlist"": 1024}",24,10,0.9376700000000001,0.10888000000000002,300,0.122,0.035682488702443386,0
glove-25-angular,IVF-Flat,"{""nlist"": 1024}",32,10,0.9613299999999999,0.0774,300,0.10113333333333334,0.009027919657004778,0
glove-25-angular,IVF-Flat,"{""nlist"": 1024}",48,10,0.979,0.05479,300,0.1717,0.053955907924897344,0
glove-25-angular,IVF-Flat,"{""nlist"": 1024}",64,10,0.9856700000000002,0.04123,300,0.19593333333333332,0.020896251657494286,0
glove-25-angular,IVF-Flat,"{""nlist"": 1024}",96,10,0.99467,0.02395,300,0.31653333333333333,0.11221614560005762,0
glove-25-angular,IVF-Flat,"{""nlist"": 1024}",128,10,0.9973300000000002,0.01809,300,0.3017,0.00973498844375281,0
glove-25-angular,IVF-Flat,"{""nlist"": 1024}",192,10,0.9986700000000001,0.01149,300,0.4907333333333333,0.01555934874386883,0
glove-25-angular,IVF-Flat,"{""nlist"": 1024}",256,10,1.0,0.0,300,0.6770999999999999,0.1251188634858869,0
mnist-784-euclidean,HNSW,"{""M"": 16, ""efConstruction"": 200}",10,10,0.9289999999999999,0.12128,300,0.08573333333333333,0.0020792626898334236,1
mnist-784-euclidean,HNSW,"{""M"": 16, ""efConstruction"": 200}",12,10,0.94333,0.11533,300,0.10483333333333333,0.0025696951829610715,0
mnist-784-euclidean,HNSW,"{""M"": 16, ""efConstruction"": 200}",16,10,0.96467,0.10059,300,0.12333333333333334,0.004864497233356528,0
mnist-784-euclidean,HNSW,"{""M"": 16, ""efConstruction"": 200}",20,10,0.9739999999999999,0.09462,300,0.15876666666666667,0.0061272614872660055,0
mnist-784-euclidean,HNSW,"{""M"": 16, ""efConstruction"": 200}",24,10,0.98067,0.07946,300,0.16493333333333335,0.004460194315647415,0
mnist-784-euclidean,HNSW,"{""M"": 16, ""efConstruction"": 200}",32,10,0.987,0.07539,300,0.20516666666666664,0.0076578935310784675,0
mnist-784-euclidean,HNSW,"{""M"": 16, ""efConstruction"": 200}",40,10,0.99133,0.06837,300,0.23750000000000002,0.005692978130996107,0
mnist-784-euclidean,HNSW,"{""M"": 16, ""efConstruction"": 200}",48,10,0.99533,0.03628,300,0.26376666666666665,0.004474743940532637,0
mnist-784-euclidean,HNSW,"{""M"": 16, ""efConstruction"": 200}",64,10,0.99767,0.01719,300,0.3217666666666667,0.002956912804486049,0
mnist-784-euclidean,HNSW,"{""M"": 16, ""efConstruction"": 200}",80,10,0.99767,0.01719,300,0.37999999999999995,0.008061637550770932,0
mnist-784-euclidean,HNSW,"{""M"": 16, ""efConstruction"": 200}",96,10,0.99833,0.01282,300,0.4463,0.01673588957898564,0
mnist-784-euclidean,HNSW,"{""M"": 16, ""efConstruction"": 200}",128,10,0.9986700000000001,0.01149,300,0.5328333333333334,0.026859697193627026,0
mnist-784-euclidean,HNSW,"{""M"": 16, ""efConstruction"": 200}",160,10,0.99933,0.00815,300,0.6472,0.01670808187674458,0
mnist-784-euclidean,HNSW,"{""M"": 16, ""efConstruction"": 200}",192,10,0.99933,0.00815,300,0.7383666666666667,0.020953838152790387,0
mnist-784-euclidean,HNSW,"{""M"": 16, ""efConstruction"": 200}",256,10,0.99967,0.00577,300,0.9385333333333333,0.03003337032924104,0
mnist-784-euclidean,HNSW,"{""M"": 16, ""efConstruction"": 200}",320,10,1.0,0.0,300,1.1361999999999999,0.02223937948774654,0
mnist-784-euclidean,HNSW,"{""M"": 16, ""efConstruction"": 200}",384,10,1.0,0.0,300,1.3454,0.06070889555905292,0
mnist-784-euclidean,HNSW,"{""M"": 16, ""efConstruction"": 200}",512,10,1.0,0.0,300,1.5386333333333333,0.06116995449837547,0
mnist-784-euclidean,HNSW,"{""M"": 16, ""efConstruction"": 200}",640,10,1.0,0.0,300,1.8739333333333335,0.017164595344293272,0
mnist-784-euclidean,HNSW,"{""M"": 16, ""efConstruction"": 200}",768,10,1.0,0.0,300,2.246233333333333,0.10472689880509872,0
mnist-784-euclidean,HNSW,"{""M"": 16, ""efConstruction"": 200}",1024,10,1.0,0.0,300,2.8305000000000002,0.10735534453393535,0
mnist-784-euclidean,IVF-Flat,"{""nlist"": 1024}",1,10,0.46667,0.23339,300,0.15213333333333334,0.005316327052894057,0
mnist-784-euclidean,IVF-Flat,"{""nlist"": 1024}",2,10,0.64867,0.23053,300,0.17273333333333332,0.0027153882472555125,0
mnist-784-euclidean,IVF-Flat,"{""nlist"": 1024}",3,10,0.761,0.20458,300,0.20093333333333332,0.02867583186820102,0
mnist-784-euclidean,IVF-Flat,"{""nlist"": 1024}",4,10,0.8169999999999998,0.18089,300,0.20363333333333333,0.005415102338214241,0
mnist-784-euclidean,IVF-Flat,"{""nlist"": 1024}",6,10,0.8856699999999998,0.14686,300,0.235,0.0018681541692269453,0
mnist-784-euclidean,IVF-Flat,"{""nlist"": 1024}",8,10,0.934,0.11263,300,0.27153333333333335,0.002267891825756545,0
mnist-784-euclidean,IVF-Flat,"{""nlist"": 1024}",12,10,0.9653300000000001,0.08259,300,0.37556666666666666,0.022114324166325614,0
mnist-784-euclidean,IVF-Flat,"{""nlist"": 1024}",16,10,0.9819999999999999,0.05962,300,0.4442333333333333,0.005173329037798885,0
mnist-784-euclidean,IVF-Flat,"{""nlist"": 1024}",24,10,0.988,0.04757999999999999,300,0.5937666666666667,0.013607473436804228,0
mnist-784-euclidean,IVF-Flat,"{""nlist"": 1024}",32,10,0.99233,0.03433,300,0.7435333333333333,0.01096372807640421,0
mnist-784-euclidean,IVF-Flat,"{""nlist"": 1024}",48,10,0.99667,0.02138,300,1.0388666666666666,0.04394420705091104,0
mnist-784-euclidean,IVF-Flat,"{""nlist"": 1024}",64,10,0.997,0.01894,300,1.2776666666666667,0.054250376342780446,0
mnist-784-euclidean,IVF-Flat,"{""nlist"": 1024}",96,10,0.999,0.00997,300,1.7595,0.007989993742175372,0
mnist-784-euclidean,IVF-Flat,"{""nlist"": 1024}",128,10,0.99967,0.00577,300,2.365066666666667,0.09076388782623493,0
mnist-784-euclidean,IVF-Flat,"{""nlist"": 1024}",192,10,1.0,0.0,300,3.8585,0.10904095560843184,0
mnist-784-euclidean,IVF-Flat,"{""nlist"": 1024}",256,10,1.0,0.0,300,5.128333333333333,0.07366582201627364,0
nytimes-256-angular,HNSW,"{""M"": 16, ""efConstruction"": 200}",10,10,0.60433,0.42444,300,0.0626,0.0015874507866387552,1
nytimes-256-angular,HNSW,"{""M"": 16, ""efConstruction"": 200}",12,10,0.65433,0.40928000000000003,300,0.0729,0.0004582575694955873,0
nytimes-256-angular,HNSW,"{""M"": 16, ""efConstruction"": 200}",16,10,0.69367,0.39086,300,0.08933333333333333,0.0011718930554164679,0
nytimes-256-angular,HNSW,"{""M"": 16, ""efConstruction"": 200}",20,10,0.7313300000000001,0.37257999999999997,300,0.10506666666666666,0.0013796134724383233,0
nytimes-256-angular,HNSW,"{""M"": 16, ""efConstruction"": 200}",24,10,0.763,0.34747,300,0.14,0.01144727041700335,0
nytimes-256-angular,HNSW,"{""M"": 16, ""efConstruction"": 200}",32,10,0.79867,0.32209,300,0.15673333333333334,0.0011060440015358015,0
nytimes-256-angular,HNSW,"{""M"": 16, ""efConstruction"": 200}",40,10,0.8126700000000001,0.31257,300,0.17903333333333335,0.004020364825899906,0
nytimes-256-angular,HNSW,"{""M"": 16, ""efConstruction"": 200}",48,10,0.8283299999999999,0.29821,300,0.22426666666666664,0.020164407586967022,0
nytimes-256-angular,HNSW,"{""M"": 16, ""efConstruction"": 200}",64,10,0.8523299999999999,0.26658,300,0.2877,0.031418625049482986,0
nytimes-256-angular,HNSW,"{""M"": 16, ""efConstruction"": 200}",80,10,0.86133,0.25637,300,0.32366666666666666,0.002571640202931465,0
nytimes-256-angular,HNSW,"{""M"": 16, ""efConstruction"": 200}",96,10,0.87667,0.2387,300,0.38553333333333334,0.01259536951952318,0
nytimes-256-angular,HNSW,"{""M"": 16, ""efConstruction"": 200}",128,10,0.89267,0.21346,300,0.532,0.036143187463199736,0
nytimes-256-angular,HNSW,"{""M"": 16, ""efConstruction"": 200}",160,10,0.9049999999999999,0.19374,300,0.6015,0.020460449652927964,0
nytimes-256-angular,HNSW,"{""M"": 16, ""efConstruction"": 200}",192,10,0.91033,0.18504,300,0.6866666666666666,0.01681943320487741,0
nytimes-256-angular,HNSW,"{""M"": 16, ""efConstruction"": 200}",256,10,0.92067,0.17167,300,0.9228999999999999,0.04916289251051046,0
nytimes-256-angular,HNSW,"{""M"": 16, ""efConstruction"": 200}",320,10,0.9333300000000001,0.14523,300,1.0729333333333333,0.04369408808218026,0
nytimes-256-angular,HNSW,"{""M"": 16, ""efConstruction"": 200}",384,10,0.93967,0.13261,300,1.2836999999999998,0.03748292944795001,0
nytimes-256-angular,HNSW,"{""M"": 16, ""efConstruction"": 200}",512,10,0.952,0.10864,300,1.742,0.07399331050845057,0
nytimes-256-angular,HNSW,"{""M"": 16, ""efConstruction"": 200}",640,10,0.961,0.09314,300,2.1986000000000003,0.02163954713019653,0
nytimes-256-angular,HNSW,"{""M"": 16, ""efConstruction"": 200}",768,10,0.9653300000000001,0.08538,300,2.6292333333333335,0.07812261729699901,0
nytimes-256-angular,HNSW,"{""M"": 16, ""efConstruction"": 200}",1024,10,0.9736699999999999,0.0704,300,3.588433333333333,0.1411550329720245,0
nytimes-256-angular,IVF-Flat,"{""nlist"": 1024}",1,10,0.59233,0.36755,300,0.07186666666666668,0.004501481237696473,0
nytimes-256-angular,IVF-Flat,"{""nlist"": 1024}",2,10,0.6673300000000001,0.3549900000000001,300,0.09976666666666667,0.004481443219916249,0
nytimes-256-angular,IVF-Flat,"{""nlist"": 1024}",3,10,0.70533,0.33598,300,0.12,0.0029308701779505756,0
nytimes-256-angular,IVF-Flat,"{""nlist"": 1024}",4,10,0.72433,0.32608,300,0.14256666666666665,0.0014294521094927871,0
nytimes-256-angular,IVF-Flat,"{""nlist"": 1024}",6,10,0.74967,0.31309,300,0.1817,0.004948737212663458,0
nytimes-256-angular,IVF-Flat,"{""nlist"": 1024}",8,10,0.76567,0.30204,300,0.2263666666666667,0.00518684232778799,0
nytimes-256-angular,IVF-Flat,"{""nlist"": 1024}",12,10,0.78633,0.28645,300,0.3186333333333333,0.006425988899253864,0
nytimes-256-angular,IVF-Flat,"{""nlist"": 1024}",16,10,0.80133,0.2765,300,0.43356666666666666,0.02033871513477029,0
nytimes-256-angular,IVF-Flat,"{""nlist"": 1024}",24,10,0.8166699999999999,0.26182,300,0.5499333333333333,0.007015934245225899,0
nytimes-256-angular,IVF-Flat,"{""nlist"": 1024}",32,10,0.83367,0.24868,300,0.7338,0.02000674886132178,0
nytimes-256-angular,IVF-Flat,"{""nlist"": 1024}",48,10,0.8566699999999999,0.22440000000000002,300,1.0759999999999998,0.027973737683763263,0
nytimes-256-angular,IVF-Flat,"{""nlist"": 1024}",64,10,0.87033,0.20792,300,1.4112333333333333,0.024603319559224717,0
nytimes-256-angular,IVF-Flat,"{""nlist"": 1024}",96,10,0.89533,0.18752,300,2.0147666666666666,0.016879672192709645,0
nytimes-256-angular,IVF-Flat,"{""nlist"": 1024}",128,10,0.908,0.16940999999999998,300,2.6475333333333335,0.037137761555232844,0
nytimes-256-angular,IVF-Flat,"{""nlist"": 1024}",192,10,0.93633,0.12583,300,4.078066666666667,0.08673605555553755,0
nytimes-256-angular,IVF-Flat,"{""nlist"": 1024}",256,10,0.95133,0.10678,300,5.414766666666666,0.13126832570476943,0
sift-128-euclidean,HNSW,"{""M"": 16, ""efConstruction"": 200}",10,10,0.72933,0.21685999999999997,300,0.04136666666666667,0.00020816659994661216,1
sift-128-euclidean,HNSW,"{""M"": 16, ""efConstruction"": 200}",12,10,0.7726700000000001,0.20394,300,0.0447,0.0020420577856662156,0
sift-128-euclidean,HNSW,"{""M"": 16, ""efConstruction"": 200}",16,10,0.82933,0.17638,300,0.05346666666666666,0.001001665280087782,0
sift-128-euclidean,HNSW,"{""M"": 16, ""efConstruction"": 200}",20,10,0.87067,0.14904,300,0.06493333333333333,0.0021501937897160143,0
sift-128-euclidean,HNSW,"{""M"": 16, ""efConstruction"": 200}",24,10,0.892,0.13711,300,0.07563333333333333,0.003326158945891392,0
sift-128-euclidean,HNSW,"{""M"": 16, ""efConstruction"": 200}",32,10,0.92833,0.1052,300,0.0968,0.004881598098983565,0
sift-128-euclidean,HNSW,"{""M"": 16, ""efConstruction"": 200}",40,10,0.94867,0.08557,300,0.1115,0.006766830868286868,0
sift-128-euclidean,HNSW,"{""M"": 16, ""efConstruction"": 200}",48,10,0.9613299999999999,0.07387,300,0.11906666666666667,0.0017616280348965094,0
sift-128-euclidean,HNSW,"{""M"": 16, ""efConstruction"": 200}",64,10,0.98,0.049749999999999996,300,0.15113333333333334,0.0006110100926607643,0
sift-128-euclidean,HNSW,"{""M"": 16, ""efConstruction"": 200}",80,10,0.9896699999999999,0.03157,300,0.20420000000000002,0.04210593782354219,0
sift-128-euclidean,HNSW,"{""M"": 16, ""efConstruction"": 200}",96,10,0.99467,0.02251,300,0.27896666666666664,0.012450033467157168,0
sift-128-euclidean,HNSW,"{""M"": 16, ""efConstruction"": 200}",128,10,0.997,0.01709,300,0.36569999999999997,0.0206995169025753,0
sift-128-euclidean,HNSW,"{""M"": 16, ""efConstruction"": 200}",160,10,0.9979999999999999,0.01402,300,0.34790000000000004,0.022818413617076882,0
sift-128-euclidean,HNSW,"{""M"": 16, ""efConstruction"": 200}",192,10,0.99833,0.01282,300,0.38586666666666664,0.012294036494712914,0
sift-128-euclidean,HNSW,"{""M"": 16, ""efConstruction"": 200}",256,10,0.999,0.00997,300,0.47470000000000007,0.003465544690232694,0
sift-128-euclidean,HNSW,"{""M"": 16, ""efConstruction"": 200}",320,10,0.99933,0.00815,300,0.6305666666666666,0.05184402890722649,0
sift-128-euclidean,HNSW,"{""M"": 16, ""efConstruction"": 200}",384,10,0.99933,0.00815,300,0.7135000000000001,0.03161708398951428,0
sift-128-euclidean,HNSW,"{""M"": 16, ""efConstruction"": 200}",512,10,0.99933,0.00815,300,0.9305666666666667,0.02400111108539215,0
sift-128-euclidean,HNSW,"{""M"": 16, ""efConstruction"": 200}",640,10,0.99967,0.00577,300,1.1500333333333332,0.024087410266222825,0
sift-128-euclidean,HNSW,"{""M"": 16, ""efConstruction"": 200}",768,10,1.0,0.0,300,1.2924333333333333,0.021189698755134222,0
sift-128-euclidean,HNSW,"{""M"": 16, ""efConstruction"": 200}",1024,10,1.0,0.0,300,1.7274,0.13913978582705946,0
sift-128-euclidean,IVF-Flat,"{""nlist"": 1024}",1,10,0.308,0.23887,300,0.030466666666666666,0.0003511884584284259,0
sift-128-euclidean,IVF-Flat,"{""nlist"": 1024}",2,10,0.447,0.25358,300,0.043966666666666675,0.0011590225767142456,0
sift-128-euclidean,IVF-Flat,"{""nlist"": 1024}",3,10,0.56033,0.2518,300,0.05329999999999999,0.00017320508075688767,0
sift-128-euclidean,IVF-Flat,"{""nlist"": 1024}",4,10,0.62133,0.24809,300,0.06753333333333333,0.0023965252624024965,0
sift-128-euclidean,IVF-Flat,"{""nlist"": 1024}",6,10,0.7116700000000001,0.23168,300,0.09083333333333332,0.0015011106998930196,0
sift-128-euclidean,IVF-Flat,"{""nlist"": 1024}",8,10,0.773,0.20423,300,0.1123,0.0014730919862656225,0
sift-128-euclidean,IVF-Flat,"{""nlist"": 1024}",12,10,0.84233,0.16633,300,0.1463,0.0013999999999999952,0
sift-128-euclidean,IVF-Flat,"{""nlist"": 1024}",16,10,0.882,0.13859,300,0.19236666666666666,0.008938866445659294,0
sift-128-euclidean,IVF-Flat,"{""nlist"": 1024}",24,10,0.93833,0.09864,300,0.27140000000000003,0.009724710792614862,0
sift-128-euclidean,IVF-Flat,"{""nlist"": 1024}",32,10,0.967,0.06948,300,0.3651,0.01077636302283847,0
sift-128-euclidean,IVF-Flat,"{""nlist"": 1024}",48,10,0.9860000000000001,0.04094,300,0.4887666666666666,0.00884891707122027,0
sift-128-euclidean,IVF-Flat,"{""nlist"": 1024}",64,10,0.99267,0.02971,300,0.6758666666666667,0.037942368578323275,0
sift-128-euclidean,IVF-Flat,"{""nlist"": 1024}",96,10,0.999,0.00997,300,0.9974333333333334,0.05698686983273716,0
sift-128-euclidean,IVF-Flat,"{""nlist"": 1024}",128,10,0.99933,0.00815,300,1.3408,0.05896515920439794,0
sift-128-euclidean,IVF-Flat,"{""nlist"": 1024}",192,10,1.0,0.0,300,2.0935,0.05768179955583914,0
sift-128-euclidean,IVF-Flat,"{""nlist"": 1024}",256,10,1.0,0.0,300,2.5856,0.03720766050156875,0
synthetic-id16-128,HNSW,"{""M"": 16, ""efConstruction"": 200}",10,10,0.84233,0.14484,300,0.03443333333333334,0.000832666399786453,1
synthetic-id16-128,HNSW,"{""M"": 16, ""efConstruction"": 200}",12,10,0.878,0.12315,300,0.036833333333333336,0.0007767453465153992,0
synthetic-id16-128,HNSW,"{""M"": 16, ""efConstruction"": 200}",16,10,0.93233,0.08877,300,0.04623333333333333,0.00055075705472861,0
synthetic-id16-128,HNSW,"{""M"": 16, ""efConstruction"": 200}",20,10,0.9533299999999999,0.07511,300,0.054433333333333334,0.0027428695436227594,0
synthetic-id16-128,HNSW,"{""M"": 16, ""efConstruction"": 200}",24,10,0.971,0.056600000000000004,300,0.07706666666666667,0.013397885405291885,0
synthetic-id16-128,HNSW,"{""M"": 16, ""efConstruction"": 200}",32,10,0.9860000000000001,0.03841,300,0.0743,0.0009000000000000015,0
synthetic-id16-128,HNSW,"{""M"": 16, ""efConstruction"": 200}",40,10,0.993,0.02556,300,0.08816666666666667,0.003121431295629185,0
synthetic-id16-128,HNSW,"{""M"": 16, ""efConstruction"": 200}",48,10,0.99567,0.02039,300,0.09973333333333334,0.0011015141094572229,0
synthetic-id16-128,HNSW,"{""M"": 16, ""efConstruction"": 200}",64,10,0.9986700000000001,0.01149,300,0.12639999999999998,0.002598076211353314,0
synthetic-id16-128,HNSW,"{""M"": 16, ""efConstruction"": 200}",80,10,0.99933,0.00815,300,0.15043333333333334,0.001457166199626286,0
synthetic-id16-128,HNSW,"{""M"": 16, ""efConstruction"": 200}",96,10,0.99967,0.00577,300,0.18989999999999999,0.0007549834435270768,0
synthetic-id16-128,HNSW,"{""M"": 16, ""efConstruction"": 200}",128,10,0.99967,0.00577,300,0.24366666666666667,0.0017897858344878429,0
synthetic-id16-128,HNSW,"{""M"": 16, ""efConstruction"": 200}",160,10,1.0,0.0,300,0.29516666666666663,0.005924806607251696,0
synthetic-id16-128,HNSW,"{""M"": 16, ""efConstruction"": 200}",192,10,1.0,0.0,300,0.3380666666666667,0.005185878260558499,0
synthetic-id16-128,HNSW,"{""M"": 16, ""efConstruction"": 200}",256,10,1.0,0.0,300,0.42123333333333335,0.0025006665778014863,0
synthetic-id16-128,HNSW,"{""M"": 16, ""efConstruction"": 200}",320,10,1.0,0.0,300,0.5153,0.014828014027508885,0
synthetic-id16-128,HNSW,"{""M"": 16, ""efConstruction"": 200}",384,10,1.0,0.0,300,0.6059666666666667,0.046791701543471696,0
synthetic-id16-128,HNSW,"{""M"": 16, ""efConstruction"": 200}",512,10,1.0,0.0,300,0.7442000000000001,0.020796393918177267,0
synthetic-id16-128,HNSW,"{""M"": 16, ""efConstruction"": 200}",640,10,1.0,0.0,300,0.8318,0.03134310131432431,0
synthetic-id16-128,HNSW,"{""M"": 16, ""efConstruction"": 200}",768,10,1.0,0.0,300,0.9623333333333334,0.012365408741053931,0
synthetic-id16-128,HNSW,"{""M"": 16, ""efConstruction"": 200}",1024,10,1.0,0.0,300,1.2286666666666666,0.06197050373632076,0
synthetic-id16-128,IVF-Flat,"{""nlist"": 1024}",1,10,0.34400000000000003,0.19916,300,0.030300000000000004,0.0005000000000000004,0
synthetic-id16-128,IVF-Flat,"{""nlist"": 1024}",2,10,0.52833,0.19907,300,0.043233333333333325,0.0005131601439446873,0
synthetic-id16-128,IVF-Flat,"{""nlist"": 1024}",3,10,0.64167,0.19397,300,0.055933333333333335,0.0010969655114602915,0
synthetic-id16-128,IVF-Flat,"{""nlist"": 1024}",4,10,0.7200000000000001,0.17974,300,0.06486666666666667,0.0016623276853055568,0
synthetic-id16-128,IVF-Flat,"{""nlist"": 1024}",6,10,0.83567,0.1401,300,0.0866,0.0036373066958946387,0
synthetic-id16-128,IVF-Flat,"{""nlist"": 1024}",8,10,0.895,0.11218,300,0.11956666666666667,0.01275826529483274,0
synthetic-id16-128,IVF-Flat,"{""nlist"": 1024}",12,10,0.95167,0.07991,300,0.15416666666666665,0.010210452161061891,0
synthetic-id16-128,IVF-Flat,"{""nlist"": 1024}",16,10,0.97867,0.05184,300,0.2066,0.0188555031754658,0
synthetic-id16-128,IVF-Flat,"{""nlist"": 1024}",24,10,0.99533,0.02113,300,0.2687333333333333,0.004628534685333298,0
synthetic-id16-128,IVF-Flat,"{""nlist"": 1024}",32,10,0.99933,0.00815,300,0.36493333333333333,0.016715661319054463,0
synthetic-id16-128,IVF-Flat,"{""nlist"": 1024}",48,10,1.0,0.0,300,0.515,0.012164292005702617,0
synthetic-id16-128,IVF-Flat,"{""nlist"": 1024}",64,10,1.0,0.0,300,0.7026333333333333,0.05917637479039537,0
synthetic-id16-128,IVF-Flat,"{""nlist"": 1024}",96,10,1.0,0.0,300,1.0181,0.07153397794055634,0
synthetic-id16-128,IVF-Flat,"{""nlist"": 1024}",128,10,1.0,0.0,300,1.3555666666666666,0.0034239353576451304,0
synthetic-id16-128,IVF-Flat,"{""nlist"": 1024}",192,10,1.0,0.0,300,2.024,0.06588315414428794,0
synthetic-id16-128,IVF-Flat,"{""nlist"": 1024}",256,10,1.0,0.0,300,2.6047333333333333,0.022828125926876653,0
synthetic-id24-128,HNSW,"{""M"": 16, ""efConstruction"": 200}",10,10,0.761,0.18043,300,0.04066666666666666,0.0011372481406154687,1
synthetic-id24-128,HNSW,"{""M"": 16, ""efConstruction"": 200}",12,10,0.80167,0.16223,300,0.044733333333333326,0.0008326663997864567,0
synthetic-id24-128,HNSW,"{""M"": 16, ""efConstruction"": 200}",16,10,0.86,0.13783,300,0.05406666666666667,0.0018230011885167062,0
synthetic-id24-128,HNSW,"{""M"": 16, ""efConstruction"": 200}",20,10,0.898,0.11212,300,0.062299999999999994,0.002051828452868317,0
synthetic-id24-128,HNSW,"{""M"": 16, ""efConstruction"": 200}",24,10,0.92333,0.10210000000000001,300,0.0716,0.00034641016151377735,0
synthetic-id24-128,HNSW,"{""M"": 16, ""efConstruction"": 200}",32,10,0.957,0.07258,300,0.08739999999999999,0.0006928203230275568,0
synthetic-id24-128,HNSW,"{""M"": 16, ""efConstruction"": 200}",40,10,0.9700000000000001,0.06148,300,0.10546666666666667,0.003165964834506747,0
synthetic-id24-128,HNSW,"{""M"": 16, ""efConstruction"": 200}",48,10,0.9819999999999999,0.04415,300,0.16036666666666666,0.01179590324364069,0
synthetic-id24-128,HNSW,"{""M"": 16, ""efConstruction"": 200}",64,10,0.991,0.02867,300,0.148,0.005339475629684992,0
synthetic-id24-128,HNSW,"{""M"": 16, ""efConstruction"": 200}",80,10,0.99533,0.02113,300,0.18146666666666667,0.0014153915830374846,0
synthetic-id24-128,HNSW,"{""M"": 16, ""efConstruction"": 200}",96,10,0.99833,0.01282,300,0.21256666666666665,0.0015307950004273358,0
synthetic-id24-128,HNSW,"{""M"": 16, ""efConstruction"": 200}",128,10,0.99933,0.00815,300,0.27286666666666665,0.004768997099321142,0
synthetic-id24-128,HNSW,"{""M"": 16, ""efConstruction"": 200}",160,10,0.99967,0.00577,300,0.31606666666666666,0.005254839039716946,0
synthetic-id24-128,HNSW,"{""M"": 16, ""efConstruction"": 200}",192,10,0.99967,0.00577,300,0.367,0.006187891401761982,0
synthetic-id24-128,HNSW,"{""M"": 16, ""efConstruction"": 200}",256,10,1.0,0.0,300,0.44926666666666665,0.008268212221111267,0
synthetic-id24-128,HNSW,"{""M"": 16, ""efConstruction"": 200}",320,10,1.0,0.0,300,0.5499333333333333,0.019089613231632815,0
synthetic-id24-128,HNSW,"{""M"": 16, ""efConstruction"": 200}",384,10,1.0,0.0,300,0.6505333333333333,0.006974477280293743,0
synthetic-id24-128,HNSW,"{""M"": 16, ""efConstruction"": 200}",512,10,1.0,0.0,300,0.8372999999999999,0.016516355530200925,0
synthetic-id24-128,HNSW,"{""M"": 16, ""efConstruction"": 200}",640,10,1.0,0.0,300,1.0121333333333333,0.0760607870938327,0
synthetic-id24-128,HNSW,"{""M"": 16, ""efConstruction"": 200}",768,10,1.0,0.0,300,1.0717333333333334,0.007836027905344154,0
synthetic-id24-128,HNSW,"{""M"": 16, ""efConstruction"": 200}",1024,10,1.0,0.0,300,1.3304666666666667,0.008958422480176668,0
synthetic-id24-128,IVF-Flat,"{""nlist"": 1024}",1,10,0.28667,0.19081,300,0.031566666666666666,0.0005859465277082312,0
synthetic-id24-128,IVF-Flat,"{""nlist"": 1024}",2,10,0.448,0.21614,300,0.0429,0.0003999999999999976,0
synthetic-id24-128,IVF-Flat,"{""nlist"": 1024}",3,10,0.56633,0.20987,300,0.0535,0.0001999999999999988,0
synthetic-id24-128,IVF-Flat,"{""nlist"": 1024}",4,10,0.65433,0.19219,300,0.06633333333333334,0.002112660250332104,0
synthetic-id24-128,IVF-Flat,"{""nlist"": 1024}",6,10,0.77033,0.1624,300,0.09023333333333333,0.0017039170558842778,0
synthetic-id24-128,IVF-Flat,"{""nlist"": 1024}",8,10,0.84667,0.13221,300,0.11220000000000001,0.0018520259177452194,0
synthetic-id24-128,IVF-Flat,"{""nlist"": 1024}",12,10,0.92067,0.09766000000000001,300,0.18613333333333335,0.022167619027160603,0
synthetic-id24-128,IVF-Flat,"{""nlist"": 1024}",16,10,0.96067,0.06881,300,0.22413333333333332,0.0067002487516011995,0
synthetic-id24-128,IVF-Flat,"{""nlist"": 1024}",24,10,0.987,0.03833,300,0.30516666666666664,0.004437717130838037,0
synthetic-id24-128,IVF-Flat,"{""nlist"": 1024}",32,10,0.997,0.01894,300,0.4011,0.001652271164185815,0
synthetic-id24-128,IVF-Flat,"{""nlist"": 1024}",48,10,1.0,0.0,300,0.5638,0.014509307357692878,0
synthetic-id24-128,IVF-Flat,"{""nlist"": 1024}",64,10,1.0,0.0,300,0.6708666666666666,0.02800166661706648,0
synthetic-id24-128,IVF-Flat,"{""nlist"": 1024}",96,10,1.0,0.0,300,0.9891333333333332,0.018517649238856775,0
synthetic-id24-128,IVF-Flat,"{""nlist"": 1024}",128,10,1.0,0.0,300,1.3522666666666667,0.058165310394885164,0
synthetic-id24-128,IVF-Flat,"{""nlist"": 1024}",192,10,1.0,0.0,300,1.8860666666666666,0.03263009857988986,0
synthetic-id24-128,IVF-Flat,"{""nlist"": 1024}",256,10,1.0,0.0,300,2.5660000000000003,0.10765672296703097,0
synthetic-id32-128,HNSW,"{""M"": 16, ""efConstruction"": 200}",10,10,0.7073300000000001,0.18108,300,0.040233333333333336,0.0009073771725877471,1
synthetic-id32-128,HNSW,"{""M"": 16, ""efConstruction"": 200}",12,10,0.75867,0.16608,300,0.047599999999999996,0.0011357816691600537,0
synthetic-id32-128,HNSW,"{""M"": 16, ""efConstruction"": 200}",16,10,0.81767,0.14442,300,0.05463333333333333,0.0009291573243177546,0
synthetic-id32-128,HNSW,"{""M"": 16, ""efConstruction"": 200}",20,10,0.8569999999999999,0.12743,300,0.08646666666666668,0.0071842420152256285,0
synthetic-id32-128,HNSW,"{""M"": 16, ""efConstruction"": 200}",24,10,0.888,0.11089,300,0.08116666666666666,0.015878392026062758,0
synthetic-id32-128,HNSW,"{""M"": 16, ""efConstruction"": 200}",32,10,0.9330000000000002,0.08661999999999999,300,0.08946666666666668,0.0015143755588800652,0
synthetic-id32-128,HNSW,"{""M"": 16, ""efConstruction"": 200}",40,10,0.956,0.06889,300,0.10510000000000001,0.00036055512754639194,0
synthetic-id32-128,HNSW,"{""M"": 16, ""efConstruction"": 200}",48,10,0.971,0.05718,300,0.12146666666666667,0.0013279056191361372,0
synthetic-id32-128,HNSW,"{""M"": 16, ""efConstruction"": 200}",64,10,0.988,0.03454,300,0.15376666666666666,0.0010598742063723137,0
synthetic-id32-128,HNSW,"{""M"": 16, ""efConstruction"": 200}",80,10,0.99433,0.02316,300,0.18583333333333332,0.004548992562461836,0
synthetic-id32-128,HNSW,"{""M"": 16, ""efConstruction"": 200}",96,10,0.9979999999999999,0.01402,300,0.21843333333333334,0.0023860706890897624,0
synthetic-id32-128,HNSW,"{""M"": 16, ""efConstruction"": 200}",128,10,0.99967,0.00577,300,0.28246666666666664,0.009321659365871182,0
synthetic-id32-128,HNSW,"{""M"": 16, ""efConstruction"": 200}",160,10,1.0,0.0,300,0.3386,0.0009539392014169366,0
synthetic-id32-128,HNSW,"{""M"": 16, ""efConstruction"": 200}",192,10,1.0,0.0,300,0.3886,0.012165114056185405,0
synthetic-id32-128,HNSW,"{""M"": 16, ""efConstruction"": 200}",256,10,1.0,0.0,300,0.5122,0.031393152119530775,0
synthetic-id32-128,HNSW,"{""M"": 16, ""efConstruction"": 200}",320,10,1.0,0.0,300,0.5868000000000001,0.01076150547089013,0
synthetic-id32-128,HNSW,"{""M"": 16, ""efConstruction"": 200}",384,10,1.0,0.0,300,0.6717666666666666,0.012239825706820064,0
synthetic-id32-128,HNSW,"{""M"": 16, ""efConstruction"": 200}",512,10,1.0,0.0,300,0.8001999999999999,0.019622181326244062,0
synthetic-id32-128,HNSW,"{""M"": 16, ""efConstruction"": 200}",640,10,1.0,0.0,300,0.9933666666666666,0.010100165015153588,0
synthetic-id32-128,HNSW,"{""M"": 16, ""efConstruction"": 200}",768,10,1.0,0.0,300,1.1156,0.018495675170157957,0
synthetic-id32-128,HNSW,"{""M"": 16, ""efConstruction"": 200}",1024,10,1.0,0.0,300,1.375333333333333,0.03860017271118527,0
synthetic-id32-128,IVF-Flat,"{""nlist"": 1024}",1,10,0.273,0.17685000000000003,300,0.0332,0.004539823785126467,0
synthetic-id32-128,IVF-Flat,"{""nlist"": 1024}",2,10,0.42666999999999994,0.20238,300,0.0452,0.00026457513110645975,0
synthetic-id32-128,IVF-Flat,"{""nlist"": 1024}",3,10,0.535,0.19716,300,0.0555,0.0012288205727444493,0
synthetic-id32-128,IVF-Flat,"{""nlist"": 1024}",4,10,0.61567,0.19812,300,0.068,0.0018027756377319963,0
synthetic-id32-128,IVF-Flat,"{""nlist"": 1024}",6,10,0.71867,0.18228999999999998,300,0.08796666666666668,0.0009073771725877438,0
synthetic-id32-128,IVF-Flat,"{""nlist"": 1024}",8,10,0.79567,0.15501,300,0.13056666666666666,0.02062385350348797,0
synthetic-id32-128,IVF-Flat,"{""nlist"": 1024}",12,10,0.89033,0.12161,300,0.17203333333333334,0.0037072002014098566,0
synthetic-id32-128,IVF-Flat,"{""nlist"": 1024}",16,10,0.939,0.09132,300,0.20620000000000002,0.011031319050775387,0
synthetic-id32-128,IVF-Flat,"{""nlist"": 1024}",24,10,0.9813300000000001,0.0461,300,0.28119999999999995,0.00562405547625555,0
synthetic-id32-128,IVF-Flat,"{""nlist"": 1024}",32,10,0.9936700000000002,0.027,300,0.38786666666666664,0.01968408832873225,0
synthetic-id32-128,IVF-Flat,"{""nlist"": 1024}",48,10,0.99967,0.00577,300,0.5373333333333333,0.003550117368951852,0
synthetic-id32-128,IVF-Flat,"{""nlist"": 1024}",64,10,1.0,0.0,300,0.7390333333333334,0.05556161744705904,0
synthetic-id32-128,IVF-Flat,"{""nlist"": 1024}",96,10,1.0,0.0,300,1.0701,0.07824787537051707,0
synthetic-id32-128,IVF-Flat,"{""nlist"": 1024}",128,10,1.0,0.0,300,1.3390666666666666,0.03632648253455496,0
synthetic-id32-128,IVF-Flat,"{""nlist"": 1024}",192,10,1.0,0.0,300,1.9875666666666667,0.04300120153360057,0
synthetic-id32-128,IVF-Flat,"{""nlist"": 1024}",256,10,1.0,0.0,300,2.6183,0.043900341684319485,0
synthetic-id4-128,HNSW,"{""M"": 16, ""efConstruction"": 200}",10,10,0.99667,0.01975,300,0.019733333333333335,0.0007371114795831989,1
synthetic-id4-128,HNSW,"{""M"": 16, ""efConstruction"": 200}",12,10,0.99833,0.01282,300,0.021466666666666665,0.0003055050463303911,0
synthetic-id4-128,HNSW,"{""M"": 16, ""efConstruction"": 200}",16,10,0.99967,0.00577,300,0.024300000000000002,0.000781024967590665,0
synthetic-id4-128,HNSW,"{""M"": 16, ""efConstruction"": 200}",20,10,1.0,0.0,300,0.029733333333333334,0.0033471380810079143,0
synthetic-id4-128,HNSW,"{""M"": 16, ""efConstruction"": 200}",24,10,1.0,0.0,300,0.03206666666666667,0.0006658328118479425,0
synthetic-id4-128,HNSW,"{""M"": 16, ""efConstruction"": 200}",32,10,1.0,0.0,300,0.039700000000000006,0.0010535653752852753,0
synthetic-id4-128,HNSW,"{""M"": 16, ""efConstruction"": 200}",40,10,1.0,0.0,300,0.05096666666666667,0.005559076661940662,0
synthetic-id4-128,HNSW,"{""M"": 16, ""efConstruction"": 200}",48,10,1.0,0.0,300,0.05123333333333333,0.0006658328118479379,0
synthetic-id4-128,HNSW,"{""M"": 16, ""efConstruction"": 200}",64,10,1.0,0.0,300,0.06226666666666667,0.0027574142476844694,0
synthetic-id4-128,HNSW,"{""M"": 16, ""efConstruction"": 200}",80,10,1.0,0.0,300,0.07626666666666666,0.00583809329604567,0
synthetic-id4-128,HNSW,"{""M"": 16, ""efConstruction"": 200}",96,10,1.0,0.0,300,0.10306666666666668,0.004285246006162697,0
synthetic-id4-128,HNSW,"{""M"": 16, ""efConstruction"": 200}",128,10,1.0,0.0,300,0.10446666666666667,0.0017009801096230783,0
synthetic-id4-128,HNSW,"{""M"": 16, ""efConstruction"": 200}",160,10,1.0,0.0,300,0.1263,0.0017058722109232001,0
synthetic-id4-128,HNSW,"{""M"": 16, ""efConstruction"": 200}",192,10,1.0,0.0,300,0.15333333333333332,0.0039068316233660996,0
synthetic-id4-128,HNSW,"{""M"": 16, ""efConstruction"": 200}",256,10,1.0,0.0,300,0.20146666666666668,0.002538372181799465,0
synthetic-id4-128,HNSW,"{""M"": 16, ""efConstruction"": 200}",320,10,1.0,0.0,300,0.24539999999999998,0.002598076211353318,0
synthetic-id4-128,HNSW,"{""M"": 16, ""efConstruction"": 200}",384,10,1.0,0.0,300,0.32613333333333333,0.02933706415668297,0
synthetic-id4-128,HNSW,"{""M"": 16, ""efConstruction"": 200}",512,10,1.0,0.0,300,0.3999,0.024857192118177798,0
synthetic-id4-128,HNSW,"{""M"": 16, ""efConstruction"": 200}",640,10,1.0,0.0,300,0.4582333333333333,0.01223614863154795,0
synthetic-id4-128,HNSW,"{""M"": 16, ""efConstruction"": 200}",768,10,1.0,0.0,300,0.5581999999999999,0.07255046519492486,0
synthetic-id4-128,HNSW,"{""M"": 16, ""efConstruction"": 200}",1024,10,1.0,0.0,300,0.7018666666666666,0.012020537980195912,0
synthetic-id4-128,IVF-Flat,"{""nlist"": 1024}",1,10,0.7276700000000002,0.24509,300,0.027433333333333334,0.0005507570547286086,0
synthetic-id4-128,IVF-Flat,"{""nlist"": 1024}",2,10,0.9,0.15169,300,0.03863333333333333,0.0002516611478423582,0
synthetic-id4-128,IVF-Flat,"{""nlist"": 1024}",3,10,0.967,0.07894,300,0.04853333333333334,0.00025166114784235877,0
synthetic-id4-128,IVF-Flat,"{""nlist"": 1024}",4,10,0.98467,0.05267,300,0.06216666666666667,0.00585263473431696,0
synthetic-id4-128,IVF-Flat,"{""nlist"": 1024}",6,10,0.99833,0.01282,300,0.08796666666666668,0.0072265713400846854,0
synthetic-id4-128,IVF-Flat,"{""nlist"": 1024}",8,10,0.99967,0.00577,300,0.1129,0.00461302503786832,0
synthetic-id4-128,IVF-Flat,"{""nlist"": 1024}",12,10,1.0,0.0,300,0.151,0.004419275958796874,0
synthetic-id4-128,IVF-Flat,"{""nlist"": 1024}",16,10,1.0,0.0,300,0.1997,0.005957348403442584,0
synthetic-id4-128,IVF-Flat,"{""nlist"": 1024}",24,10,1.0,0.0,300,0.2884333333333333,0.003326158945891416,0
synthetic-id4-128,IVF-Flat,"{""nlist"": 1024}",32,10,1.0,0.0,300,0.37293333333333334,0.013206564024504382,0
synthetic-id4-128,IVF-Flat,"{""nlist"": 1024}",48,10,1.0,0.0,300,0.5517333333333333,0.03296912697256833,0
synthetic-id4-128,IVF-Flat,"{""nlist"": 1024}",64,10,1.0,0.0,300,0.6814666666666667,0.004957149718672388,0
synthetic-id4-128,IVF-Flat,"{""nlist"": 1024}",96,10,1.0,0.0,300,1.0058,0.026097317869850162,0
synthetic-id4-128,IVF-Flat,"{""nlist"": 1024}",128,10,1.0,0.0,300,1.3502,0.0048999999999999305,0
synthetic-id4-128,IVF-Flat,"{""nlist"": 1024}",192,10,1.0,0.0,300,1.9797,0.05282906397050787,0
synthetic-id4-128,IVF-Flat,"{""nlist"": 1024}",256,10,1.0,0.0,300,2.7876,0.13342552229614832,0
synthetic-id48-128,HNSW,"{""M"": 16, ""efConstruction"": 200}",10,10,0.65867,0.18924,300,0.0457,0.0008888194417315613,1
synthetic-id48-128,HNSW,"{""M"": 16, ""efConstruction"": 200}",12,10,0.711,0.16913999999999998,300,0.06283333333333334,0.012509729546770121,0
synthetic-id48-128,HNSW,"{""M"": 16, ""efConstruction"": 200}",16,10,0.77,0.15742,300,0.059666666666666666,0.0005859465277082339,0
synthetic-id48-128,HNSW,"{""M"": 16, ""efConstruction"": 200}",20,10,0.8166699999999999,0.14489,300,0.06806666666666666,0.0018823743871327343,0
synthetic-id48-128,HNSW,"{""M"": 16, ""efConstruction"": 200}",24,10,0.86233,0.13066,300,0.0911,0.0167418636955388,0
synthetic-id48-128,HNSW,"{""M"": 16, ""efConstruction"": 200}",32,10,0.9053299999999999,0.11261,300,0.13153333333333334,0.004905439158050305,0
synthetic-id48-128,HNSW,"{""M"": 16, ""efConstruction"": 200}",40,10,0.9330000000000002,0.09683000000000001,300,0.1225,0.01811159849378294,0
synthetic-id48-128,HNSW,"{""M"": 16, ""efConstruction"": 200}",48,10,0.95233,0.08787,300,0.16746666666666665,0.028723219411015424,0
synthetic-id48-128,HNSW,"{""M"": 16, ""efConstruction"": 200}",64,10,0.97533,0.07217,300,0.1753,0.005841232746604097,0
synthetic-id48-128,HNSW,"{""M"": 16, ""efConstruction"": 200}",80,10,0.98633,0.06578,300,0.20010000000000003,0.001946792233393179,0
synthetic-id48-128,HNSW,"{""M"": 16, ""efConstruction"": 200}",96,10,0.99467,0.02251,300,0.2349,0.00375898922584251,0
synthetic-id48-128,HNSW,"{""M"": 16, ""efConstruction"": 200}",128,10,0.9979999999999999,0.01402,300,0.37496666666666667,0.06759418120913466,0
synthetic-id48-128,HNSW,"{""M"": 16, ""efConstruction"": 200}",160,10,0.99933,0.00815,300,0.3788,0.006564297372910523,0
synthetic-id48-128,HNSW,"{""M"": 16, ""efConstruction"": 200}",192,10,0.99933,0.00815,300,0.4457,0.009353608929178093,0
synthetic-id48-128,HNSW,"{""M"": 16, ""efConstruction"": 200}",256,10,0.99967,0.00577,300,0.5198666666666667,0.004997332621842726,0
synthetic-id48-128,HNSW,"{""M"": 16, ""efConstruction"": 200}",320,10,0.99967,0.00577,300,0.6257,0.00815046010971161,0
synthetic-id48-128,HNSW,"{""M"": 16, ""efConstruction"": 200}",384,10,0.99967,0.00577,300,0.7558666666666666,0.04160893333568323,0
synthetic-id48-128,HNSW,"{""M"": 16, ""efConstruction"": 200}",512,10,0.99967,0.00577,300,0.8791000000000001,0.008612200647918034,0
synthetic-id48-128,HNSW,"{""M"": 16, ""efConstruction"": 200}",640,10,0.99967,0.00577,300,1.0112333333333334,0.028818281234892173,0
synthetic-id48-128,HNSW,"{""M"": 16, ""efConstruction"": 200}",768,10,0.99967,0.00577,300,1.1409666666666667,0.01769642148382922,0
synthetic-id48-128,HNSW,"{""M"": 16, ""efConstruction"": 200}",1024,10,0.99967,0.00577,300,1.3977000000000002,0.038545427744415994,0
synthetic-id48-128,IVF-Flat,"{""nlist"": 1024}",1,10,0.23833000000000001,0.16889999999999997,300,0.0307,0.0007999999999999999,0
synthetic-id48-128,IVF-Flat,"{""nlist"": 1024}",2,10,0.36633,0.1882,300,0.0443,0.0015394804318340657,0
synthetic-id48-128,IVF-Flat,"{""nlist"": 1024}",3,10,0.467,0.19061000000000003,300,0.0546,0.0015099668870541547,0
synthetic-id48-128,IVF-Flat,"{""nlist"": 1024}",4,10,0.54767,0.18765,300,0.0645,0.0008888194417315617,0
synthetic-id48-128,IVF-Flat,"{""nlist"": 1024}",6,10,0.669,0.17976,300,0.11026666666666667,0.004135617648348719,0
synthetic-id48-128,IVF-Flat,"{""nlist"": 1024}",8,10,0.74833,0.16387,300,0.115,0.006947661477072698,0
synthetic-id48-128,IVF-Flat,"{""nlist"": 1024}",12,10,0.843,0.13557,300,0.1505,0.0029512709126747476,0
synthetic-id48-128,IVF-Flat,"{""nlist"": 1024}",16,10,0.907,0.10562,300,0.20503333333333332,0.00482320778459039,0
synthetic-id48-128,IVF-Flat,"{""nlist"": 1024}",24,10,0.96733,0.0584,300,0.2947666666666667,0.009662470353555212,0
synthetic-id48-128,IVF-Flat,"{""nlist"": 1024}",32,10,0.99033,0.0296,300,0.3756,0.012117342943071296,0
synthetic-id48-128,IVF-Flat,"{""nlist"": 1024}",48,10,1.0,0.0,300,0.5431333333333334,0.004705670338361269,0
synthetic-id48-128,IVF-Flat,"{""nlist"": 1024}",64,10,1.0,0.0,300,0.7104666666666667,0.016381188398078266,0
synthetic-id48-128,IVF-Flat,"{""nlist"": 1024}",96,10,1.0,0.0,300,1.0146,0.021004523322370267,0
synthetic-id48-128,IVF-Flat,"{""nlist"": 1024}",128,10,1.0,0.0,300,1.3802666666666668,0.048823594023108735,0
synthetic-id48-128,IVF-Flat,"{""nlist"": 1024}",192,10,1.0,0.0,300,1.9796666666666667,0.016277080000212957,0
synthetic-id48-128,IVF-Flat,"{""nlist"": 1024}",256,10,1.0,0.0,300,2.6783,0.07553694460328657,0
synthetic-id8-128,HNSW,"{""M"": 16, ""efConstruction"": 200}",10,10,0.9579999999999999,0.07475,300,0.029133333333333334,0.001250333288900737,1
synthetic-id8-128,HNSW,"{""M"": 16, ""efConstruction"": 200}",12,10,0.97133,0.05879,300,0.0366,0.0064969223483123135,0
synthetic-id8-128,HNSW,"{""M"": 16, ""efConstruction"": 200}",16,10,0.9860000000000001,0.03841,300,0.03783333333333334,0.0027227437142216164,0
synthetic-id8-128,HNSW,"{""M"": 16, ""efConstruction"": 200}",20,10,0.99233,0.029050000000000003,300,0.04303333333333333,0.0010503967504392495,0
synthetic-id8-128,HNSW,"{""M"": 16, ""efConstruction"": 200}",24,10,0.99567,0.02039,300,0.05936666666666667,0.011494491434305972,0
synthetic-id8-128,HNSW,"{""M"": 16, ""efConstruction"": 200}",32,10,0.99833,0.01282,300,0.07256666666666667,0.013591296234477907,0
synthetic-id8-128,HNSW,"{""M"": 16, ""efConstruction"": 200}",40,10,0.99933,0.00815,300,0.06583333333333334,0.0004163331998932246,0
synthetic-id8-128,HNSW,"{""M"": 16, ""efConstruction"": 200}",48,10,0.99967,0.00577,300,0.07446666666666667,0.0007571877794400333,0
synthetic-id8-128,HNSW,"{""M"": 16, ""efConstruction"": 200}",64,10,1.0,0.0,300,0.09386666666666667,0.00037859388972001076,0
synthetic-id8-128,HNSW,"{""M"": 16, ""efConstruction"": 200}",80,10,1.0,0.0,300,0.13116666666666668,0.03554860522345896,0
synthetic-id8-128,HNSW,"{""M"": 16, ""efConstruction"": 200}",96,10,1.0,0.0,300,0.15496666666666667,0.0390886599071052,0
synthetic-id8-128,HNSW,"{""M"": 16, ""efConstruction"": 200}",128,10,1.0,0.0,300,0.16743333333333332,0.007957595951877255,0
synthetic-id8-128,HNSW,"{""M"": 16, ""efConstruction"": 200}",160,10,1.0,0.0,300,0.19473333333333334,0.0013613718571108058,0
synthetic-id8-128,HNSW,"{""M"": 16, ""efConstruction"": 200}",192,10,1.0,0.0,300,0.25510000000000005,0.012121056059601431,0
synthetic-id8-128,HNSW,"{""M"": 16, ""efConstruction"": 200}",256,10,1.0,0.0,300,0.3167333333333333,0.020066472867281235,0
synthetic-id8-128,HNSW,"{""M"": 16, ""efConstruction"": 200}",320,10,1.0,0.0,300,0.3898333333333333,0.005081666393353002,0
synthetic-id8-128,HNSW,"{""M"": 16, ""efConstruction"": 200}",384,10,1.0,0.0,300,0.46513333333333334,0.03634148226659631,0
synthetic-id8-128,HNSW,"{""M"": 16, ""efConstruction"": 200}",512,10,1.0,0.0,300,0.5517666666666666,0.025405183198184775,0
synthetic-id8-128,HNSW,"{""M"": 16, ""efConstruction"": 200}",640,10,1.0,0.0,300,0.6414,0.014201056298740612,0
synthetic-id8-128,HNSW,"{""M"": 16, ""efConstruction"": 200}",768,10,1.0,0.0,300,0.7517,0.016628890522220635,0
synthetic-id8-128,HNSW,"{""M"": 16, ""efConstruction"": 200}",1024,10,1.0,0.0,300,0.9332666666666668,0.013687342084324946,0
synthetic-id8-128,IVF-Flat,"{""nlist"": 1024}",1,10,0.49933,0.22173,300,0.02673333333333333,0.0017097758137642866,0
synthetic-id8-128,IVF-Flat,"{""nlist"": 1024}",2,10,0.71067,0.20369,300,0.04083333333333333,0.0004725815626252576,0
synthetic-id8-128,IVF-Flat,"{""nlist"": 1024}",3,10,0.82367,0.17021,300,0.05156666666666667,0.0003511884584284233,0
synthetic-id8-128,IVF-Flat,"{""nlist"": 1024}",4,10,0.8893299999999998,0.13935,300,0.06943333333333333,0.012140977445549156,0
synthetic-id8-128,IVF-Flat,"{""nlist"": 1024}",6,10,0.947,0.09083999999999999,300,0.0909,0.011971633138381755,0
synthetic-id8-128,IVF-Flat,"{""nlist"": 1024}",8,10,0.9776700000000002,0.05955,300,0.1297,0.020008248299139022,0
synthetic-id8-128,IVF-Flat,"{""nlist"": 1024}",12,10,0.99467,0.02659,300,0.1507,0.004689349635077337,0
synthetic-id8-128,IVF-Flat,"{""nlist"": 1024}",16,10,0.9986700000000001,0.01149,300,0.20466666666666666,0.011521429309479494,0
synthetic-id8-128,IVF-Flat,"{""nlist"": 1024}",24,10,1.0,0.0,300,0.2927666666666667,0.005089531740085045,0
synthetic-id8-128,IVF-Flat,"{""nlist"": 1024}",32,10,1.0,0.0,300,0.3745,0.008252878285786134,0
synthetic-id8-128,IVF-Flat,"{""nlist"": 1024}",48,10,1.0,0.0,300,0.5517666666666666,0.032298039156167524,0
synthetic-id8-128,IVF-Flat,"{""nlist"": 1024}",64,10,1.0,0.0,300,0.6926333333333333,0.008922630404389358,0
synthetic-id8-128,IVF-Flat,"{""nlist"": 1024}",96,10,1.0,0.0,300,1.0169,0.01796023385148432,0
synthetic-id8-128,IVF-Flat,"{""nlist"": 1024}",128,10,1.0,0.0,300,1.3052666666666666,0.02469257648228178,0
synthetic-id8-128,IVF-Flat,"{""nlist"": 1024}",192,10,1.0,0.0,300,2.0516,0.03923480597632673,0
synthetic-id8-128,IVF-Flat,"{""nlist"": 1024}",256,10,1.0,0.0,300,2.787266666666667,0.06402041341114066,0
