dataset,k,recall_at_ef10,ci95,latency_ms
glove-100-angular,1,0.58333,0.05588212515304692,0.035
glove-100-angular,10,0.503,0.03824151099410865,0.036366666666666665
glove-100-angular,100,0.73077,0.024348777654620225,0.2305
nytimes-256-angular,1,0.67,0.05329866745050948,0.06236666666666666
nytimes-256-angular,10,0.60433,0.048029907457949564,0.0626
nytimes-256-angular,100,0.73317,0.029666196727867446,0.3715
sift-128-euclidean,1,0.79,0.04616841472002838,0.039
sift-128-euclidean,10,0.72933,0.024540019157786593,0.04136666666666667
sift-128-euclidean,100,0.9496699999999999,0.0052234957314554525,0.2578666666666667
