dataset,n_base,dim,metric,family,build_params,query_param,k,is_default,recall_id,recall_tieaware,latency_median_ms,latency_p95_ms,build_seconds,memory_mb,repeat
sift-128-euclidean,200000,128,euclidean,HNSW,"{""M"": 8, ""efConstruction"": 100}",10,10,0,0.59233,0.59267,0.0334,0.0534,38.67,116.8,0
sift-128-euclidean,200000,128,euclidean,HNSW,"{""M"": 8, ""efConstruction"": 100}",10,10,0,0.59233,0.59267,0.0354,0.0684,38.67,116.8,1
sift-128-euclidean,200000,128,euclidean,HNSW,"{""M"": 8, ""efConstruction"": 100}",10,10,0,0.59233,0.59267,0.0333,0.057,38.67,116.8,2
sift-128-euclidean,200000,128,euclidean,HNSW,"{""M"": 8, ""efConstruction"": 100}",16,10,0,0.68867,0.689,0.0419,0.0794,38.67,116.8,0
sift-128-euclidean,200000,128,euclidean,HNSW,"{""M"": 8, ""efConstruction"": 100}",16,10,0,0.68867,0.689,0.0427,0.083,38.67,116.8,1
sift-128-euclidean,200000,128,euclidean,HNSW,"{""M"": 8, ""efConstruction"": 100}",16,10,0,0.68867,0.689,0.0426,0.0815,38.67,116.8,2
sift-128-euclidean,200000,128,euclidean,HNSW,"{""M"": 8, ""efConstruction"": 100}",32,10,0,0.81933,0.82,0.0692,0.1146,38.67,116.8,0
sift-128-euclidean,200000,128,euclidean,HNSW,"{""M"": 8, ""efConstruction"": 100}",32,10,0,0.81933,0.82,0.0687,0.1119,38.67,116.8,1
sift-128-euclidean,200000,128,euclidean,HNSW,"{""M"": 8, ""efConstruction"": 100}",32,10,0,0.81933,0.82,0.068,0.1111,38.67,116.8,2
sift-128-euclidean,200000,128,euclidean,HNSW,"{""M"": 8, ""efConstruction"": 100}",64,10,0,0.91733,0.918,0.1216,0.1713,38.67,116.8,0
sift-128-euclidean,200000,128,euclidean,HNSW,"{""M"": 8, ""efConstruction"": 100}",64,10,0,0.91733,0.918,0.1224,0.1729,38.67,116.8,1
sift-128-euclidean,200000,128,euclidean,HNSW,"{""M"": 8, ""efConstruction"": 100}",64,10,0,0.91733,0.918,0.1214,0.1745,38.67,116.8,2
sift-128-euclidean,200000,128,euclidean,HNSW,"{""M"": 8, ""efConstruction"": 100}",128,10,0,0.973,0.973,0.2268,0.2826,38.67,116.8,0
sift-128-euclidean,200000,128,euclidean,HNSW,"{""M"": 8, ""efConstruction"": 100}",128,10,0,0.973,0.973,0.2297,0.2895,38.67,116.8,1
sift-128-euclidean,200000,128,euclidean,HNSW,"{""M"": 8, ""efConstruction"": 100}",128,10,0,0.973,0.973,0.2339,0.29,38.67,116.8,2
sift-128-euclidean,200000,128,euclidean,HNSW,"{""M"": 8, ""efConstruction"": 100}",256,10,0,0.98767,0.98767,0.4165,0.4934,38.67,116.8,0
sift-128-euclidean,200000,128,euclidean,HNSW,"{""M"": 8, ""efConstruction"": 100}",256,10,0,0.98767,0.98767,0.4185,0.5008,38.67,116.8,1
sift-128-euclidean,200000,128,euclidean,HNSW,"{""M"": 8, ""efConstruction"": 100}",256,10,0,0.98767,0.98767,0.4244,0.501,38.67,116.8,2
sift-128-euclidean,200000,128,euclidean,HNSW,"{""M"": 8, ""efConstruction"": 100}",512,10,0,0.99733,0.99733,0.7944,0.9272,38.67,116.8,0
sift-128-euclidean,200000,128,euclidean,HNSW,"{""M"": 8, ""efConstruction"": 100}",512,10,0,0.99733,0.99733,0.8033,0.9252,38.67,116.8,1
sift-128-euclidean,200000,128,euclidean,HNSW,"{""M"": 8, ""efConstruction"": 100}",512,10,0,0.99733,0.99733,0.795,0.9237,38.67,116.8,2
sift-128-euclidean,200000,128,euclidean,HNSW,"{""M"": 16, ""efConstruction"": 200}",10,10,1,0.73067,0.73067,0.0461,0.089,89.29,129.6,0
sift-128-euclidean,200000,128,euclidean,HNSW,"{""M"": 16, ""efConstruction"": 200}",10,10,1,0.73067,0.73067,0.0439,0.0801,89.29,129.6,1
sift-128-euclidean,200000,128,euclidean,HNSW,"{""M"": 16, ""efConstruction"": 200}",10,10,1,0.73067,0.73067,0.0428,0.0747,89.29,129.6,2
sift-128-euclidean,200000,128,euclidean,HNSW,"{""M"": 16, ""efConstruction"": 200}",16,10,0,0.828,0.828,0.0604,0.1071,89.29,129.6,0
sift-128-euclidean,200000,128,euclidean,HNSW,"{""M"": 16, ""efConstruction"": 200}",16,10,0,0.828,0.828,0.0587,0.1025,89.29,129.6,1
sift-128-euclidean,200000,128,euclidean,HNSW,"{""M"": 16, ""efConstruction"": 200}",16,10,0,0.828,0.828,0.0628,0.1061,89.29,129.6,2
sift-128-euclidean,200000,128,euclidean,HNSW,"{""M"": 16, ""efConstruction"": 200}",32,10,0,0.92533,0.92533,0.1072,0.1541,89.29,129.6,0
sift-128-euclidean,200000,128,euclidean,HNSW,"{""M"": 16, ""efConstruction"": 200}",32,10,0,0.92533,0.92533,0.1055,0.1514,89.29,129.6,1
sift-128-euclidean,200000,128,euclidean,HNSW,"{""M"": 16, ""efConstruction"": 200}",32,10,0,0.92533,0.92533,0.1046,0.154,89.29,129.6,2
sift-128-euclidean,200000,128,euclidean,HNSW,"{""M"": 16, ""efConstruction"": 200}",64,10,0,0.97867,0.97867,0.1845,0.2386,89.29,129.6,0
sift-128-euclidean,200000,128,euclidean,HNSW,"{""M"": 16, ""efConstruction"": 200}",64,10,0,0.97867,0.97867,0.1864,0.2451,89.29,129.6,1
sift-128-euclidean,200000,128,euclidean,HNSW,"{""M"": 16, ""efConstruction"": 200}",64,10,0,0.97867,0.97867,0.1828,0.2411,89.29,129.6,2
sift-128-euclidean,200000,128,euclidean,HNSW,"{""M"": 16, ""efConstruction"": 200}",128,10,0,0.99667,0.99667,0.3322,0.4053,89.29,129.6,0
sift-128-euclidean,200000,128,euclidean,HNSW,"{""M"": 16, ""efConstruction"": 200}",128,10,0,0.99667,0.99667,0.337,0.4022,89.29,129.6,1
sift-128-euclidean,200000,128,euclidean,HNSW,"{""M"": 16, ""efConstruction"": 200}",128,10,0,0.99667,0.99667,0.3401,0.4127,89.29,129.6,2
sift-128-euclidean,200000,128,euclidean,HNSW,"{""M"": 16, ""efConstruction"": 200}",256,10,0,0.999,0.999,0.5999,0.7168,89.29,129.6,0
sift-128-euclidean,200000,128,euclidean,HNSW,"{""M"": 16, ""efConstruction"": 200}",256,10,0,0.999,0.999,0.6066,0.7298,89.29,129.6,1
sift-128-euclidean,200000,128,euclidean,HNSW,"{""M"": 16, ""efConstruction"": 200}",256,10,0,0.999,0.999,0.6211,0.7454,89.29,129.6,2
sift-128-euclidean,200000,128,euclidean,HNSW,"{""M"": 16, ""efConstruction"": 200}",512,10,0,0.99933,0.99933,1.1038,1.3316,89.29,129.6,0
sift-128-euclidean,200000,128,euclidean,HNSW,"{""M"": 16, ""efConstruction"": 200}",512,10,0,0.99933,0.99933,1.1035,1.2901,89.29,129.6,1
sift-128-euclidean,200000,128,euclidean,HNSW,"{""M"": 16, ""efConstruction"": 200}",512,10,0,0.99933,0.99933,1.1056,1.3421,89.29,129.6,2
sift-128-euclidean,200000,128,euclidean,HNSW,"{""M"": 32, ""efConstruction"": 200}",10,10,0,0.79767,0.798,0.0594,0.1084,108.86,155.2,0
sift-128-euclidean,200000,128,euclidean,HNSW,"{""M"": 32, ""efConstruction"": 200}",10,10,0,0.79767,0.798,0.0593,0.1078,108.86,155.2,1
sift-128-euclidean,200000,128,euclidean,HNSW,"{""M"": 32, ""efConstruction"": 200}",10,10,0,0.79767,0.798,0.0586,0.11,108.86,155.2,2
sift-128-euclidean,200000,128,euclidean,HNSW,"{""M"": 32, ""efConstruction"": 200}",16,10,0,0.876,0.87633,0.083,0.1286,108.86,155.2,0
sift-128-euclidean,200000,128,euclidean,HNSW,"{""M"": 32, ""efConstruction"": 200}",16,10,0,0.876,0.87633,0.0865,0.1402,108.86,155.2,1
sift-128-euclidean,200000,128,euclidean,HNSW,"{""M"": 32, ""efConstruction"": 200}",16,10,0,0.876,0.87633,0.0848,0.1327,108.86,155.2,2
sift-128-euclidean,200000,128,euclidean,HNSW,"{""M"": 32, ""efConstruction"": 200}",32,10,0,0.962,0.96233,0.1438,0.1974,108.86,155.2,0
sift-128-euclidean,200000,128,euclidean,HNSW,"{""M"": 32, ""efConstruction"": 200}",32,10,0,0.962,0.96233,0.1425,0.2025,108.86,155.2,1
sift-128-euclidean,200000,128,euclidean,HNSW,"{""M"": 32, ""efConstruction"": 200}",32,10,0,0.962,0.96233,0.1456,0.2056,108.86,155.2,2
sift-128-euclidean,200000,128,euclidean,HNSW,"{""M"": 32, ""efConstruction"": 200}",64,10,0,0.99233,0.99233,0.2596,0.337,108.86,155.2,0
sift-128-euclidean,200000,128,euclidean,HNSW,"{""M"": 32, ""efConstruction"": 200}",64,10,0,0.99233,0.99233,0.263,0.3357,108.86,155.2,1
sift-128-euclidean,200000,128,euclidean,HNSW,"{""M"": 32, ""efConstruction"": 200}",64,10,0,0.99233,0.99233,0.2594,0.3435,108.86,155.2,2
sift-128-euclidean,200000,128,euclidean,HNSW,"{""M"": 32, ""efConstruction"": 200}",128,10,0,0.99933,0.99933,0.4527,0.5835,108.86,155.2,0
sift-128-euclidean,200000,128,euclidean,HNSW,"{""M"": 32, ""efConstruction"": 200}",128,10,0,0.99933,0.99933,0.4575,0.5763,108.86,155.2,1
sift-128-euclidean,200000,128,euclidean,HNSW,"{""M"": 32, ""efConstruction"": 200}",128,10,0,0.99933,0.99933,0.4543,0.5734,108.86,155.2,2
sift-128-euclidean,200000,128,euclidean,HNSW,"{""M"": 32, ""efConstruction"": 200}",256,10,0,1.0,1.0,0.8059,0.9867,108.86,155.2,0
sift-128-euclidean,200000,128,euclidean,HNSW,"{""M"": 32, ""efConstruction"": 200}",256,10,0,1.0,1.0,0.7954,1.0046,108.86,155.2,1
sift-128-euclidean,200000,128,euclidean,HNSW,"{""M"": 32, ""efConstruction"": 200}",256,10,0,1.0,1.0,0.8157,1.0353,108.86,155.2,2
sift-128-euclidean,200000,128,euclidean,HNSW,"{""M"": 32, ""efConstruction"": 200}",512,10,0,1.0,1.0,1.4472,1.7808,108.86,155.2,0
sift-128-euclidean,200000,128,euclidean,HNSW,"{""M"": 32, ""efConstruction"": 200}",512,10,0,1.0,1.0,1.4522,1.8042,108.86,155.2,1
sift-128-euclidean,200000,128,euclidean,HNSW,"{""M"": 32, ""efConstruction"": 200}",512,10,0,1.0,1.0,1.4645,1.7958,108.86,155.2,2
sift-128-euclidean,200000,128,euclidean,HNSW,"{""M"": 48, ""efConstruction"": 400}",10,10,0,0.83333,0.834,0.0709,0.1263,216.94,180.8,0
sift-128-euclidean,200000,128,euclidean,HNSW,"{""M"": 48, ""efConstruction"": 400}",10,10,0,0.83333,0.834,0.0715,0.1325,216.94,180.8,1
sift-128-euclidean,200000,128,euclidean,HNSW,"{""M"": 48, ""efConstruction"": 400}",10,10,0,0.83333,0.834,0.0708,0.1211,216.94,180.8,2
sift-128-euclidean,200000,128,euclidean,HNSW,"{""M"": 48, ""efConstruction"": 400}",16,10,0,0.906,0.907,0.0974,0.157,216.94,180.8,0
sift-128-euclidean,200000,128,euclidean,HNSW,"{""M"": 48, ""efConstruction"": 400}",16,10,0,0.906,0.907,0.1012,0.1566,216.94,180.8,1
sift-128-euclidean,200000,128,euclidean,HNSW,"{""M"": 48, ""efConstruction"": 400}",16,10,0,0.906,0.907,0.0991,0.1571,216.94,180.8,2
sift-128-euclidean,200000,128,euclidean,HNSW,"{""M"": 48, ""efConstruction"": 400}",32,10,0,0.976,0.97633,0.1676,0.2344,216.94,180.8,0
sift-128-euclidean,200000,128,euclidean,HNSW,"{""M"": 48, ""efConstruction"": 400}",32,10,0,0.976,0.97633,0.1777,0.236,216.94,180.8,1
sift-128-euclidean,200000,128,euclidean,HNSW,"{""M"": 48, ""efConstruction"": 400}",32,10,0,0.976,0.97633,0.1776,0.2461,216.94,180.8,2
sift-128-euclidean,200000,128,euclidean,HNSW,"{""M"": 48, ""efConstruction"": 400}",64,10,0,0.99567,0.99567,0.3258,0.5566,216.94,180.8,0
sift-128-euclidean,200000,128,euclidean,HNSW,"{""M"": 48, ""efConstruction"": 400}",64,10,0,0.99567,0.99567,0.302,0.4026,216.94,180.8,1
sift-128-euclidean,200000,128,euclidean,HNSW,"{""M"": 48, ""efConstruction"": 400}",64,10,0,0.99567,0.99567,0.3122,0.4122,216.94,180.8,2
sift-128-euclidean,200000,128,euclidean,HNSW,"{""M"": 48, ""efConstruction"": 400}",128,10,0,0.99967,0.99967,0.5283,0.6891,216.94,180.8,0
sift-128-euclidean,200000,128,euclidean,HNSW,"{""M"": 48, ""efConstruction"": 400}",128,10,0,0.99967,0.99967,0.5677,0.9318,216.94,180.8,1
sift-128-euclidean,200000,128,euclidean,HNSW,"{""M"": 48, ""efConstruction"": 400}",128,10,0,0.99967,0.99967,0.5473,0.7137,216.94,180.8,2
sift-128-euclidean,200000,128,euclidean,HNSW,"{""M"": 48, ""efConstruction"": 400}",256,10,0,1.0,1.0,0.927,1.1767,216.94,180.8,0
sift-128-euclidean,200000,128,euclidean,HNSW,"{""M"": 48, ""efConstruction"": 400}",256,10,0,1.0,1.0,0.9632,1.246,216.94,180.8,1
sift-128-euclidean,200000,128,euclidean,HNSW,"{""M"": 48, ""efConstruction"": 400}",256,10,0,1.0,1.0,0.9275,1.2056,216.94,180.8,2
sift-128-euclidean,200000,128,euclidean,HNSW,"{""M"": 48, ""efConstruction"": 400}",512,10,0,1.0,1.0,1.6605,2.1062,216.94,180.8,0
sift-128-euclidean,200000,128,euclidean,HNSW,"{""M"": 48, ""efConstruction"": 400}",512,10,0,1.0,1.0,1.6613,2.133,216.94,180.8,1
sift-128-euclidean,200000,128,euclidean,HNSW,"{""M"": 48, ""efConstruction"": 400}",512,10,0,1.0,1.0,1.6454,2.1656,216.94,180.8,2
sift-128-euclidean,200000,128,euclidean,IVF-Flat,"{""nlist"": 100}",1,10,1,0.528,0.528,0.1256,0.2139,0.4,104.05,0
sift-128-euclidean,200000,128,euclidean,IVF-Flat,"{""nlist"": 100}",1,10,1,0.528,0.528,0.1306,0.2173,0.4,104.05,1
sift-128-euclidean,200000,128,euclidean,IVF-Flat,"{""nlist"": 100}",1,10,1,0.528,0.528,0.1262,0.2127,0.4,104.05,2
sift-128-euclidean,200000,128,euclidean,IVF-Flat,"{""nlist"": 100}",2,10,0,0.69467,0.69467,0.2315,0.3682,0.4,104.05,0
sift-128-euclidean,200000,128,euclidean,IVF-Flat,"{""nlist"": 100}",2,10,0,0.69467,0.69467,0.2384,0.3691,0.4,104.05,1
sift-128-euclidean,200000,128,euclidean,IVF-Flat,"{""nlist"": 100}",2,10,0,0.69467,0.69467,0.2429,0.3579,0.4,104.05,2
sift-128-euclidean,200000,128,euclidean,IVF-Flat,"{""nlist"": 100}",4,10,0,0.867,0.86767,0.4594,0.6208,0.4,104.05,0
sift-128-euclidean,200000,128,euclidean,IVF-Flat,"{""nlist"": 100}",4,10,0,0.867,0.86767,0.4683,0.6289,0.4,104.05,1
sift-128-euclidean,200000,128,euclidean,IVF-Flat,"{""nlist"": 100}",4,10,0,0.867,0.86767,0.4752,0.6409,0.4,104.05,2
sift-128-euclidean,200000,128,euclidean,IVF-Flat,"{""nlist"": 100}",8,10,0,0.966,0.966,0.8849,1.1597,0.4,104.05,0
sift-128-euclidean,200000,128,euclidean,IVF-Flat,"{""nlist"": 100}",8,10,0,0.966,0.966,0.8865,1.1586,0.4,104.05,1
sift-128-euclidean,200000,128,euclidean,IVF-Flat,"{""nlist"": 100}",8,10,0,0.966,0.966,0.8958,1.1537,0.4,104.05,2
sift-128-euclidean,200000,128,euclidean,IVF-Flat,"{""nlist"": 100}",16,10,0,0.99567,0.99567,1.7126,2.0825,0.4,104.05,0
sift-128-euclidean,200000,128,euclidean,IVF-Flat,"{""nlist"": 100}",16,10,0,0.99567,0.99567,1.7347,2.0994,0.4,104.05,1
sift-128-euclidean,200000,128,euclidean,IVF-Flat,"{""nlist"": 100}",16,10,0,0.99567,0.99567,1.7054,2.0097,0.4,104.05,2
sift-128-euclidean,200000,128,euclidean,IVF-Flat,"{""nlist"": 100}",32,10,0,1.0,1.0,3.4073,3.9249,0.4,104.05,0
sift-128-euclidean,200000,128,euclidean,IVF-Flat,"{""nlist"": 100}",32,10,0,1.0,1.0,3.3571,3.8644,0.4,104.05,1
sift-128-euclidean,200000,128,euclidean,IVF-Flat,"{""nlist"": 100}",32,10,0,1.0,1.0,3.3741,3.926,0.4,104.05,2
sift-128-euclidean,200000,128,euclidean,IVF-Flat,"{""nlist"": 100}",64,10,0,1.0,1.0,6.507,7.0185,0.4,104.05,0
sift-128-euclidean,200000,128,euclidean,IVF-Flat,"{""nlist"": 100}",64,10,0,1.0,1.0,6.5337,7.0891,0.4,104.05,1
sift-128-euclidean,200000,128,euclidean,IVF-Flat,"{""nlist"": 100}",64,10,0,1.0,1.0,6.6291,7.1635,0.4,104.05,2
sift-128-euclidean,200000,128,euclidean,IVF-Flat,"{""nlist"": 100}",128,10,0,1.0,1.0,10.7078,11.3766,0.4,104.05,0
sift-128-euclidean,200000,128,euclidean,IVF-Flat,"{""nlist"": 100}",128,10,0,1.0,1.0,11.1297,11.9444,0.4,104.05,1
sift-128-euclidean,200000,128,euclidean,IVF-Flat,"{""nlist"": 100}",128,10,0,1.0,1.0,10.9883,11.5757,0.4,104.05,2
sift-128-euclidean,200000,128,euclidean,IVF-Flat,"{""nlist"": 1024}",1,10,0,0.30767,0.308,0.0387,0.0797,7.75,104.52,0
sift-128-euclidean,200000,128,euclidean,IVF-Flat,"{""nlist"": 1024}",1,10,0,0.30767,0.308,0.0382,0.0664,7.75,104.52,1
sift-128-euclidean,200000,128,euclidean,IVF-Flat,"{""nlist"": 1024}",1,10,0,0.30767,0.308,0.0379,0.0833,7.75,104.52,2
sift-128-euclidean,200000,128,euclidean,IVF-Flat,"{""nlist"": 1024}",2,10,0,0.44667,0.447,0.0513,0.0918,7.75,104.52,0
sift-128-euclidean,200000,128,euclidean,IVF-Flat,"{""nlist"": 1024}",2,10,0,0.44667,0.447,0.0508,0.0949,7.75,104.52,1
sift-128-euclidean,200000,128,euclidean,IVF-Flat,"{""nlist"": 1024}",2,10,0,0.44667,0.447,0.0527,0.0956,7.75,104.52,2
sift-128-euclidean,200000,128,euclidean,IVF-Flat,"{""nlist"": 1024}",4,10,0,0.621,0.62133,0.0765,0.1273,7.75,104.52,0
sift-128-euclidean,200000,128,euclidean,IVF-Flat,"{""nlist"": 1024}",4,10,0,0.621,0.62133,0.0771,0.1265,7.75,104.52,1
sift-128-euclidean,200000,128,euclidean,IVF-Flat,"{""nlist"": 1024}",4,10,0,0.621,0.62133,0.0789,0.1242,7.75,104.52,2
sift-128-euclidean,200000,128,euclidean,IVF-Flat,"{""nlist"": 1024}",8,10,0,0.77267,0.773,0.125,0.1873,7.75,104.52,0
sift-128-euclidean,200000,128,euclidean,IVF-Flat,"{""nlist"": 1024}",8,10,0,0.77267,0.773,0.1253,0.1812,7.75,104.52,1
sift-128-euclidean,200000,128,euclidean,IVF-Flat,"{""nlist"": 1024}",8,10,0,0.77267,0.773,0.1269,0.1887,7.75,104.52,2
sift-128-euclidean,200000,128,euclidean,IVF-Flat,"{""nlist"": 1024}",16,10,0,0.88167,0.882,0.2202,0.3057,7.75,104.52,0
sift-128-euclidean,200000,128,euclidean,IVF-Flat,"{""nlist"": 1024}",16,10,0,0.88167,0.882,0.2173,0.2976,7.75,104.52,1
sift-128-euclidean,200000,128,euclidean,IVF-Flat,"{""nlist"": 1024}",16,10,0,0.88167,0.882,0.2189,0.2958,7.75,104.52,2
sift-128-euclidean,200000,128,euclidean,IVF-Flat,"{""nlist"": 1024}",32,10,0,0.96667,0.967,0.3985,0.5204,7.75,104.52,0
sift-128-euclidean,200000,128,euclidean,IVF-Flat,"{""nlist"": 1024}",32,10,0,0.96667,0.967,0.3911,0.5059,7.75,104.52,1
sift-128-euclidean,200000,128,euclidean,IVF-Flat,"{""nlist"": 1024}",32,10,0,0.96667,0.967,0.3874,0.4951,7.75,104.52,2
sift-128-euclidean,200000,128,euclidean,IVF-Flat,"{""nlist"": 1024}",64,10,0,0.99267,0.99267,0.7179,0.8711,7.75,104.52,0
sift-128-euclidean,200000,128,euclidean,IVF-Flat,"{""nlist"": 1024}",64,10,0,0.99267,0.99267,0.7066,0.8682,7.75,104.52,1
sift-128-euclidean,200000,128,euclidean,IVF-Flat,"{""nlist"": 1024}",64,10,0,0.99267,0.99267,0.7103,0.8801,7.75,104.52,2
sift-128-euclidean,200000,128,euclidean,IVF-Flat,"{""nlist"": 1024}",128,10,0,0.99933,0.99933,1.3876,1.616,7.75,104.52,0
sift-128-euclidean,200000,128,euclidean,IVF-Flat,"{""nlist"": 1024}",128,10,0,0.99933,0.99933,1.4035,1.6647,7.75,104.52,1
sift-128-euclidean,200000,128,euclidean,IVF-Flat,"{""nlist"": 1024}",128,10,0,0.99933,0.99933,1.3908,1.6234,7.75,104.52,2
sift-128-euclidean,200000,128,euclidean,IVF-Flat,"{""nlist"": 4096}",1,10,0,0.225,0.225,0.122,0.1739,26.82,106.1,0
sift-128-euclidean,200000,128,euclidean,IVF-Flat,"{""nlist"": 4096}",1,10,0,0.225,0.225,0.1295,0.1776,26.82,106.1,1
sift-128-euclidean,200000,128,euclidean,IVF-Flat,"{""nlist"": 4096}",1,10,0,0.225,0.225,0.1259,0.1787,26.82,106.1,2
sift-128-euclidean,200000,128,euclidean,IVF-Flat,"{""nlist"": 4096}",2,10,0,0.34,0.34,0.1346,0.1871,26.82,106.1,0
sift-128-euclidean,200000,128,euclidean,IVF-Flat,"{""nlist"": 4096}",2,10,0,0.34,0.34,0.1114,0.177,26.82,106.1,1
sift-128-euclidean,200000,128,euclidean,IVF-Flat,"{""nlist"": 4096}",2,10,0,0.34,0.34,0.1159,0.1691,26.82,106.1,2
sift-128-euclidean,200000,128,euclidean,IVF-Flat,"{""nlist"": 4096}",4,10,0,0.496,0.496,0.1246,0.1799,26.82,106.1,0
sift-128-euclidean,200000,128,euclidean,IVF-Flat,"{""nlist"": 4096}",4,10,0,0.496,0.496,0.1232,0.1787,26.82,106.1,1
sift-128-euclidean,200000,128,euclidean,IVF-Flat,"{""nlist"": 4096}",4,10,0,0.496,0.496,0.1283,0.1875,26.82,106.1,2
sift-128-euclidean,200000,128,euclidean,IVF-Flat,"{""nlist"": 4096}",8,10,0,0.64267,0.64267,0.129,0.1785,26.82,106.1,0
sift-128-euclidean,200000,128,euclidean,IVF-Flat,"{""nlist"": 4096}",8,10,0,0.64267,0.64267,0.1318,0.1843,26.82,106.1,1
sift-128-euclidean,200000,128,euclidean,IVF-Flat,"{""nlist"": 4096}",8,10,0,0.64267,0.64267,0.1322,0.189,26.82,106.1,2
sift-128-euclidean,200000,128,euclidean,IVF-Flat,"{""nlist"": 4096}",16,10,0,0.77633,0.77667,0.1754,0.2474,26.82,106.1,0
sift-128-euclidean,200000,128,euclidean,IVF-Flat,"{""nlist"": 4096}",16,10,0,0.77633,0.77667,0.1613,0.2192,26.82,106.1,1
sift-128-euclidean,200000,128,euclidean,IVF-Flat,"{""nlist"": 4096}",16,10,0,0.77633,0.77667,0.1629,0.224,26.82,106.1,2
sift-128-euclidean,200000,128,euclidean,IVF-Flat,"{""nlist"": 4096}",32,10,0,0.88567,0.886,0.2259,0.3012,26.82,106.1,0
sift-128-euclidean,200000,128,euclidean,IVF-Flat,"{""nlist"": 4096}",32,10,0,0.88567,0.886,0.2231,0.2981,26.82,106.1,1
sift-128-euclidean,200000,128,euclidean,IVF-Flat,"{""nlist"": 4096}",32,10,0,0.88567,0.886,0.2186,0.296,26.82,106.1,2
sift-128-euclidean,200000,128,euclidean,IVF-Flat,"{""nlist"": 4096}",64,10,0,0.952,0.95267,0.3312,0.4243,26.82,106.1,0
sift-128-euclidean,200000,128,euclidean,IVF-Flat,"{""nlist"": 4096}",64,10,0,0.952,0.95267,0.3334,0.4299,26.82,106.1,1
sift-128-euclidean,200000,128,euclidean,IVF-Flat,"{""nlist"": 4096}",64,10,0,0.952,0.95267,0.3377,0.437,26.82,106.1,2
sift-128-euclidean,200000,128,euclidean,IVF-Flat,"{""nlist"": 4096}",128,10,0,0.988,0.98833,0.5529,0.713,26.82,106.1,0
sift-128-euclidean,200000,128,euclidean,IVF-Flat,"{""nlist"": 4096}",128,10,0,0.988,0.98833,0.533,0.6752,26.82,106.1,1
sift-128-euclidean,200000,128,euclidean,IVF-Flat,"{""nlist"": 4096}",128,10,0,0.988,0.98833,0.5612,0.7069,26.82,106.1,2
sift-128-euclidean,200000,128,euclidean,IVF-PQ,"{""m"": 8, ""nbits"": 8, ""nlist"": 1024}",1,10,1,0.242,0.24233,0.0584,0.1134,13.45,3.72,0
sift-128-euclidean,200000,128,euclidean,IVF-PQ,"{""m"": 8, ""nbits"": 8, ""nlist"": 1024}",1,10,1,0.242,0.24233,0.0516,0.0884,13.45,3.72,1
sift-128-euclidean,200000,128,euclidean,IVF-PQ,"{""m"": 8, ""nbits"": 8, ""nlist"": 1024}",1,10,1,0.242,0.24233,0.0513,0.0925,13.45,3.72,2
sift-128-euclidean,200000,128,euclidean,IVF-PQ,"{""m"": 8, ""nbits"": 8, ""nlist"": 1024}",2,10,0,0.31867,0.319,0.0667,0.1236,13.45,3.72,0
sift-128-euclidean,200000,128,euclidean,IVF-PQ,"{""m"": 8, ""nbits"": 8, ""nlist"": 1024}",2,10,0,0.31867,0.319,0.0562,0.0989,13.45,3.72,1
sift-128-euclidean,200000,128,euclidean,IVF-PQ,"{""m"": 8, ""nbits"": 8, ""nlist"": 1024}",2,10,0,0.31867,0.319,0.0558,0.0966,13.45,3.72,2
sift-128-euclidean,200000,128,euclidean,IVF-PQ,"{""m"": 8, ""nbits"": 8, ""nlist"": 1024}",4,10,0,0.37467,0.375,0.0645,0.1045,13.45,3.72,0
sift-128-euclidean,200000,128,euclidean,IVF-PQ,"{""m"": 8, ""nbits"": 8, ""nlist"": 1024}",4,10,0,0.37467,0.375,0.0647,0.1062,13.45,3.72,1
sift-128-euclidean,200000,128,euclidean,IVF-PQ,"{""m"": 8, ""nbits"": 8, ""nlist"": 1024}",4,10,0,0.37467,0.375,0.0715,0.1172,13.45,3.72,2
sift-128-euclidean,200000,128,euclidean,IVF-PQ,"{""m"": 8, ""nbits"": 8, ""nlist"": 1024}",8,10,0,0.40967,0.41,0.081,0.1243,13.45,3.72,0
sift-128-euclidean,200000,128,euclidean,IVF-PQ,"{""m"": 8, ""nbits"": 8, ""nlist"": 1024}",8,10,0,0.40967,0.41,0.0807,0.132,13.45,3.72,1
sift-128-euclidean,200000,128,euclidean,IVF-PQ,"{""m"": 8, ""nbits"": 8, ""nlist"": 1024}",8,10,0,0.40967,0.41,0.082,0.1444,13.45,3.72,2
sift-128-euclidean,200000,128,euclidean,IVF-PQ,"{""m"": 8, ""nbits"": 8, ""nlist"": 1024}",16,10,0,0.429,0.42933,0.1118,0.1597,13.45,3.72,0
sift-128-euclidean,200000,128,euclidean,IVF-PQ,"{""m"": 8, ""nbits"": 8, ""nlist"": 1024}",16,10,0,0.429,0.42933,0.1127,0.1629,13.45,3.72,1
sift-128-euclidean,200000,128,euclidean,IVF-PQ,"{""m"": 8, ""nbits"": 8, ""nlist"": 1024}",16,10,0,0.429,0.42933,0.1118,0.1602,13.45,3.72,2
sift-128-euclidean,200000,128,euclidean,IVF-PQ,"{""m"": 8, ""nbits"": 8, ""nlist"": 1024}",64,10,0,0.43467,0.435,0.3091,0.3864,13.45,3.72,0
sift-128-euclidean,200000,128,euclidean,IVF-PQ,"{""m"": 8, ""nbits"": 8, ""nlist"": 1024}",64,10,0,0.43467,0.435,0.3006,0.3766,13.45,3.72,1
sift-128-euclidean,200000,128,euclidean,IVF-PQ,"{""m"": 8, ""nbits"": 8, ""nlist"": 1024}",64,10,0,0.43467,0.435,0.3103,0.4014,13.45,3.72,2
sift-128-euclidean,200000,128,euclidean,IVF-PQ,"{""m"": 8, ""nbits"": 8, ""nlist"": 1024}",128,10,0,0.43467,0.435,0.5235,0.6024,13.45,3.72,0
sift-128-euclidean,200000,128,euclidean,IVF-PQ,"{""m"": 8, ""nbits"": 8, ""nlist"": 1024}",128,10,0,0.43467,0.435,0.5262,0.6094,13.45,3.72,1
sift-128-euclidean,200000,128,euclidean,IVF-PQ,"{""m"": 8, ""nbits"": 8, ""nlist"": 1024}",128,10,0,0.43467,0.435,0.5294,0.6044,13.45,3.72,2
sift-128-euclidean,200000,128,euclidean,IVF-PQ,"{""m"": 16, ""nbits"": 8, ""nlist"": 1024}",1,10,0,0.27933,0.27967,0.0422,0.0783,12.18,5.32,0
sift-128-euclidean,200000,128,euclidean,IVF-PQ,"{""m"": 16, ""nbits"": 8, ""nlist"": 1024}",1,10,0,0.27933,0.27967,0.042,0.0828,12.18,5.32,1
sift-128-euclidean,200000,128,euclidean,IVF-PQ,"{""m"": 16, ""nbits"": 8, ""nlist"": 1024}",1,10,0,0.27933,0.27967,0.0414,0.0827,12.18,5.32,2
sift-128-euclidean,200000,128,euclidean,IVF-PQ,"{""m"": 16, ""nbits"": 8, ""nlist"": 1024}",2,10,0,0.38333,0.38367,0.0493,0.0903,12.18,5.32,0
sift-128-euclidean,200000,128,euclidean,IVF-PQ,"{""m"": 16, ""nbits"": 8, ""nlist"": 1024}",2,10,0,0.38333,0.38367,0.0488,0.0913,12.18,5.32,1
sift-128-euclidean,200000,128,euclidean,IVF-PQ,"{""m"": 16, ""nbits"": 8, ""nlist"": 1024}",2,10,0,0.38333,0.38367,0.0493,0.0951,12.18,5.32,2
sift-128-euclidean,200000,128,euclidean,IVF-PQ,"{""m"": 16, ""nbits"": 8, ""nlist"": 1024}",4,10,0,0.48133,0.48167,0.0643,0.1086,12.18,5.32,0
sift-128-euclidean,200000,128,euclidean,IVF-PQ,"{""m"": 16, ""nbits"": 8, ""nlist"": 1024}",4,10,0,0.48133,0.48167,0.0635,0.1079,12.18,5.32,1
sift-128-euclidean,200000,128,euclidean,IVF-PQ,"{""m"": 16, ""nbits"": 8, ""nlist"": 1024}",4,10,0,0.48133,0.48167,0.0642,0.1082,12.18,5.32,2
sift-128-euclidean,200000,128,euclidean,IVF-PQ,"{""m"": 16, ""nbits"": 8, ""nlist"": 1024}",8,10,0,0.54433,0.54467,0.0942,0.1508,12.18,5.32,0
sift-128-euclidean,200000,128,euclidean,IVF-PQ,"{""m"": 16, ""nbits"": 8, ""nlist"": 1024}",8,10,0,0.54433,0.54467,0.0954,0.1453,12.18,5.32,1
sift-128-euclidean,200000,128,euclidean,IVF-PQ,"{""m"": 16, ""nbits"": 8, ""nlist"": 1024}",8,10,0,0.54433,0.54467,0.0935,0.1415,12.18,5.32,2
sift-128-euclidean,200000,128,euclidean,IVF-PQ,"{""m"": 16, ""nbits"": 8, ""nlist"": 1024}",16,10,0,0.58133,0.58167,0.1499,0.2103,12.18,5.32,0
sift-128-euclidean,200000,128,euclidean,IVF-PQ,"{""m"": 16, ""nbits"": 8, ""nlist"": 1024}",16,10,0,0.58133,0.58167,0.152,0.5274,12.18,5.32,1
sift-128-euclidean,200000,128,euclidean,IVF-PQ,"{""m"": 16, ""nbits"": 8, ""nlist"": 1024}",16,10,0,0.58133,0.58167,0.1491,0.2049,12.18,5.32,2
sift-128-euclidean,200000,128,euclidean,IVF-PQ,"{""m"": 16, ""nbits"": 8, ""nlist"": 1024}",64,10,0,0.60367,0.604,0.4671,0.5671,12.18,5.32,0
sift-128-euclidean,200000,128,euclidean,IVF-PQ,"{""m"": 16, ""nbits"": 8, ""nlist"": 1024}",64,10,0,0.60367,0.604,0.4666,0.5603,12.18,5.32,1
sift-128-euclidean,200000,128,euclidean,IVF-PQ,"{""m"": 16, ""nbits"": 8, ""nlist"": 1024}",64,10,0,0.60367,0.604,0.4705,0.5657,12.18,5.32,2
sift-128-euclidean,200000,128,euclidean,IVF-PQ,"{""m"": 16, ""nbits"": 8, ""nlist"": 1024}",128,10,0,0.60367,0.604,0.8689,0.9711,12.18,5.32,0
sift-128-euclidean,200000,128,euclidean,IVF-PQ,"{""m"": 16, ""nbits"": 8, ""nlist"": 1024}",128,10,0,0.60367,0.604,0.8742,0.9805,12.18,5.32,1
sift-128-euclidean,200000,128,euclidean,IVF-PQ,"{""m"": 16, ""nbits"": 8, ""nlist"": 1024}",128,10,0,0.60367,0.604,0.8997,1.0022,12.18,5.32,2
sift-128-euclidean,200000,128,euclidean,IVF-PQ,"{""m"": 16, ""nbits"": 8, ""nlist"": 4096}",1,10,0,0.21533,0.21533,0.1292,0.1763,32.2,6.9,0
sift-128-euclidean,200000,128,euclidean,IVF-PQ,"{""m"": 16, ""nbits"": 8, ""nlist"": 4096}",1,10,0,0.21533,0.21533,0.1267,0.1809,32.2,6.9,1
sift-128-euclidean,200000,128,euclidean,IVF-PQ,"{""m"": 16, ""nbits"": 8, ""nlist"": 4096}",1,10,0,0.21533,0.21533,0.125,0.1756,32.2,6.9,2
sift-128-euclidean,200000,128,euclidean,IVF-PQ,"{""m"": 16, ""nbits"": 8, ""nlist"": 4096}",2,10,0,0.31433,0.31433,0.1297,0.183,32.2,6.9,0
sift-128-euclidean,200000,128,euclidean,IVF-PQ,"{""m"": 16, ""nbits"": 8, ""nlist"": 4096}",2,10,0,0.31433,0.31433,0.1279,0.1794,32.2,6.9,1
sift-128-euclidean,200000,128,euclidean,IVF-PQ,"{""m"": 16, ""nbits"": 8, ""nlist"": 4096}",2,10,0,0.31433,0.31433,0.1285,0.1801,32.2,6.9,2
sift-128-euclidean,200000,128,euclidean,IVF-PQ,"{""m"": 16, ""nbits"": 8, ""nlist"": 4096}",4,10,0,0.427,0.427,0.1389,0.1899,32.2,6.9,0
sift-128-euclidean,200000,128,euclidean,IVF-PQ,"{""m"": 16, ""nbits"": 8, ""nlist"": 4096}",4,10,0,0.427,0.427,0.1395,0.1942,32.2,6.9,1
sift-128-euclidean,200000,128,euclidean,IVF-PQ,"{""m"": 16, ""nbits"": 8, ""nlist"": 4096}",4,10,0,0.427,0.427,0.1364,0.1905,32.2,6.9,2
sift-128-euclidean,200000,128,euclidean,IVF-PQ,"{""m"": 16, ""nbits"": 8, ""nlist"": 4096}",8,10,0,0.50967,0.50967,0.1555,0.2083,32.2,6.9,0
sift-128-euclidean,200000,128,euclidean,IVF-PQ,"{""m"": 16, ""nbits"": 8, ""nlist"": 4096}",8,10,0,0.50967,0.50967,0.1563,0.2075,32.2,6.9,1
sift-128-euclidean,200000,128,euclidean,IVF-PQ,"{""m"": 16, ""nbits"": 8, ""nlist"": 4096}",8,10,0,0.50967,0.50967,0.1558,0.2093,32.2,6.9,2
sift-128-euclidean,200000,128,euclidean,IVF-PQ,"{""m"": 16, ""nbits"": 8, ""nlist"": 4096}",16,10,0,0.56467,0.56467,0.2312,0.2997,32.2,6.9,0
sift-128-euclidean,200000,128,euclidean,IVF-PQ,"{""m"": 16, ""nbits"": 8, ""nlist"": 4096}",16,10,0,0.56467,0.56467,0.1996,0.3367,32.2,6.9,1
sift-128-euclidean,200000,128,euclidean,IVF-PQ,"{""m"": 16, ""nbits"": 8, ""nlist"": 4096}",16,10,0,0.56467,0.56467,0.1898,0.2877,32.2,6.9,2
sift-128-euclidean,200000,128,euclidean,IVF-PQ,"{""m"": 16, ""nbits"": 8, ""nlist"": 4096}",64,10,0,0.61033,0.61033,0.3765,0.4484,32.2,6.9,0
sift-128-euclidean,200000,128,euclidean,IVF-PQ,"{""m"": 16, ""nbits"": 8, ""nlist"": 4096}",64,10,0,0.61033,0.61033,0.3917,0.4938,32.2,6.9,1
sift-128-euclidean,200000,128,euclidean,IVF-PQ,"{""m"": 16, ""nbits"": 8, ""nlist"": 4096}",64,10,0,0.61033,0.61033,0.3827,0.4607,32.2,6.9,2
sift-128-euclidean,200000,128,euclidean,IVF-PQ,"{""m"": 16, ""nbits"": 8, ""nlist"": 4096}",128,10,0,0.61567,0.616,0.6154,0.702,32.2,6.9,0
sift-128-euclidean,200000,128,euclidean,IVF-PQ,"{""m"": 16, ""nbits"": 8, ""nlist"": 4096}",128,10,0,0.61567,0.616,0.5962,0.6725,32.2,6.9,1
sift-128-euclidean,200000,128,euclidean,IVF-PQ,"{""m"": 16, ""nbits"": 8, ""nlist"": 4096}",128,10,0,0.61567,0.616,0.602,0.7572,32.2,6.9,2
