dataset,n_base,dim,metric,family,build_params,query_param,k,is_default,recall_id,recall_tieaware,latency_median_ms,latency_p95_ms,build_seconds,memory_mb,repeat
nytimes-256-angular,200000,256,angular,HNSW,"{""M"": 8, ""efConstruction"": 100}",10,10,0,0.34333,0.347,0.0428,0.077,57.13,219.2,0
nytimes-256-angular,200000,256,angular,HNSW,"{""M"": 8, ""efConstruction"": 100}",10,10,0,0.34333,0.347,0.0449,0.0827,57.13,219.2,1
nytimes-256-angular,200000,256,angular,HNSW,"{""M"": 8, ""efConstruction"": 100}",10,10,0,0.34333,0.347,0.0416,0.0763,57.13,219.2,2
nytimes-256-angular,200000,256,angular,HNSW,"{""M"": 8, ""efConstruction"": 100}",16,10,0,0.44633,0.45067,0.061,0.104,57.13,219.2,0
nytimes-256-angular,200000,256,angular,HNSW,"{""M"": 8, ""efConstruction"": 100}",16,10,0,0.44633,0.45067,0.0578,0.1012,57.13,219.2,1
nytimes-256-angular,200000,256,angular,HNSW,"{""M"": 8, ""efConstruction"": 100}",16,10,0,0.44633,0.45067,0.0568,0.0989,57.13,219.2,2
nytimes-256-angular,200000,256,angular,HNSW,"{""M"": 8, ""efConstruction"": 100}",32,10,0,0.566,0.57133,0.1003,0.164,57.13,219.2,0
nytimes-256-angular,200000,256,angular,HNSW,"{""M"": 8, ""efConstruction"": 100}",32,10,0,0.566,0.57133,0.1015,0.1648,57.13,219.2,1
nytimes-256-angular,200000,256,angular,HNSW,"{""M"": 8, ""efConstruction"": 100}",32,10,0,0.566,0.57133,0.1049,0.1629,57.13,219.2,2
nytimes-256-angular,200000,256,angular,HNSW,"{""M"": 8, ""efConstruction"": 100}",64,10,0,0.672,0.679,0.1825,0.2913,57.13,219.2,0
nytimes-256-angular,200000,256,angular,HNSW,"{""M"": 8, ""efConstruction"": 100}",64,10,0,0.672,0.679,0.1919,0.2925,57.13,219.2,1
nytimes-256-angular,200000,256,angular,HNSW,"{""M"": 8, ""efConstruction"": 100}",64,10,0,0.672,0.679,0.1865,0.296,57.13,219.2,2
nytimes-256-angular,200000,256,angular,HNSW,"{""M"": 8, ""efConstruction"": 100}",128,10,0,0.76,0.766,0.3246,0.4733,57.13,219.2,0
nytimes-256-angular,200000,256,angular,HNSW,"{""M"": 8, ""efConstruction"": 100}",128,10,0,0.76,0.766,0.331,0.4802,57.13,219.2,1
nytimes-256-angular,200000,256,angular,HNSW,"{""M"": 8, ""efConstruction"": 100}",128,10,0,0.76,0.766,0.3254,0.4761,57.13,219.2,2
nytimes-256-angular,200000,256,angular,HNSW,"{""M"": 8, ""efConstruction"": 100}",256,10,0,0.82433,0.832,0.5844,0.7742,57.13,219.2,0
nytimes-256-angular,200000,256,angular,HNSW,"{""M"": 8, ""efConstruction"": 100}",256,10,0,0.82433,0.832,0.5929,0.7744,57.13,219.2,1
nytimes-256-angular,200000,256,angular,HNSW,"{""M"": 8, ""efConstruction"": 100}",256,10,0,0.82433,0.832,0.5899,0.7834,57.13,219.2,2
nytimes-256-angular,200000,256,angular,HNSW,"{""M"": 8, ""efConstruction"": 100}",512,10,0,0.86267,0.873,1.1,1.2938,57.13,219.2,0
nytimes-256-angular,200000,256,angular,HNSW,"{""M"": 8, ""efConstruction"": 100}",512,10,0,0.86267,0.873,1.1215,1.31,57.13,219.2,1
nytimes-256-angular,200000,256,angular,HNSW,"{""M"": 8, ""efConstruction"": 100}",512,10,0,0.86267,0.873,1.1096,1.3039,57.13,219.2,2
nytimes-256-angular,200000,256,angular,HNSW,"{""M"": 16, ""efConstruction"": 200}",10,10,1,0.67433,0.67867,0.0772,0.1274,177.79,232.0,0
nytimes-256-angular,200000,256,angular,HNSW,"{""M"": 16, ""efConstruction"": 200}",10,10,1,0.67433,0.67867,0.0775,0.1352,177.79,232.0,1
nytimes-256-angular,200000,256,angular,HNSW,"{""M"": 16, ""efConstruction"": 200}",10,10,1,0.67433,0.67867,0.077,0.1275,177.79,232.0,2
nytimes-256-angular,200000,256,angular,HNSW,"{""M"": 16, ""efConstruction"": 200}",16,10,0,0.739,0.74367,0.1033,0.1601,177.79,232.0,0
nytimes-256-angular,200000,256,angular,HNSW,"{""M"": 16, ""efConstruction"": 200}",16,10,0,0.739,0.74367,0.1051,0.1567,177.79,232.0,1
nytimes-256-angular,200000,256,angular,HNSW,"{""M"": 16, ""efConstruction"": 200}",16,10,0,0.739,0.74367,0.1009,0.1593,177.79,232.0,2
nytimes-256-angular,200000,256,angular,HNSW,"{""M"": 16, ""efConstruction"": 200}",32,10,0,0.81033,0.816,0.1662,0.263,177.79,232.0,0
nytimes-256-angular,200000,256,angular,HNSW,"{""M"": 16, ""efConstruction"": 200}",32,10,0,0.81033,0.816,0.1691,0.2625,177.79,232.0,1
nytimes-256-angular,200000,256,angular,HNSW,"{""M"": 16, ""efConstruction"": 200}",32,10,0,0.81033,0.816,0.1722,0.2611,177.79,232.0,2
nytimes-256-angular,200000,256,angular,HNSW,"{""M"": 16, ""efConstruction"": 200}",64,10,0,0.84767,0.85367,0.2961,0.4235,177.79,232.0,0
nytimes-256-angular,200000,256,angular,HNSW,"{""M"": 16, ""efConstruction"": 200}",64,10,0,0.84767,0.85367,0.2946,0.4192,177.79,232.0,1
nytimes-256-angular,200000,256,angular,HNSW,"{""M"": 16, ""efConstruction"": 200}",64,10,0,0.84767,0.85367,0.2981,0.422,177.79,232.0,2
nytimes-256-angular,200000,256,angular,HNSW,"{""M"": 16, ""efConstruction"": 200}",128,10,0,0.88967,0.896,0.5414,0.7061,177.79,232.0,0
nytimes-256-angular,200000,256,angular,HNSW,"{""M"": 16, ""efConstruction"": 200}",128,10,0,0.88967,0.896,0.542,0.7148,177.79,232.0,1
nytimes-256-angular,200000,256,angular,HNSW,"{""M"": 16, ""efConstruction"": 200}",128,10,0,0.88967,0.896,0.546,0.7013,177.79,232.0,2
nytimes-256-angular,200000,256,angular,HNSW,"{""M"": 16, ""efConstruction"": 200}",256,10,0,0.91633,0.92367,1.0229,1.2341,177.79,232.0,0
nytimes-256-angular,200000,256,angular,HNSW,"{""M"": 16, ""efConstruction"": 200}",256,10,0,0.91633,0.92367,1.0323,1.2542,177.79,232.0,1
nytimes-256-angular,200000,256,angular,HNSW,"{""M"": 16, ""efConstruction"": 200}",256,10,0,0.91633,0.92367,1.0309,1.2459,177.79,232.0,2
nytimes-256-angular,200000,256,angular,HNSW,"{""M"": 16, ""efConstruction"": 200}",512,10,0,0.94467,0.952,2.0334,2.3171,177.79,232.0,0
nytimes-256-angular,200000,256,angular,HNSW,"{""M"": 16, ""efConstruction"": 200}",512,10,0,0.94467,0.952,1.9962,2.2708,177.79,232.0,1
nytimes-256-angular,200000,256,angular,HNSW,"{""M"": 16, ""efConstruction"": 200}",512,10,0,0.94467,0.952,1.9985,2.2658,177.79,232.0,2
nytimes-256-angular,200000,256,angular,HNSW,"{""M"": 32, ""efConstruction"": 200}",10,10,0,0.749,0.756,0.1363,0.2487,331.82,257.6,0
nytimes-256-angular,200000,256,angular,HNSW,"{""M"": 32, ""efConstruction"": 200}",10,10,0,0.749,0.756,0.1341,0.2175,331.82,257.6,1
nytimes-256-angular,200000,256,angular,HNSW,"{""M"": 32, ""efConstruction"": 200}",10,10,0,0.749,0.756,0.1323,0.2247,331.82,257.6,2
nytimes-256-angular,200000,256,angular,HNSW,"{""M"": 32, ""efConstruction"": 200}",16,10,0,0.816,0.823,0.1885,0.3015,331.82,257.6,0
nytimes-256-angular,200000,256,angular,HNSW,"{""M"": 32, ""efConstruction"": 200}",16,10,0,0.816,0.823,0.1855,0.294,331.82,257.6,1
nytimes-256-angular,200000,256,angular,HNSW,"{""M"": 32, ""efConstruction"": 200}",16,10,0,0.816,0.823,0.1874,0.3216,331.82,257.6,2
nytimes-256-angular,200000,256,angular,HNSW,"{""M"": 32, ""efConstruction"": 200}",32,10,0,0.861,0.86833,0.3023,0.4514,331.82,257.6,0
nytimes-256-angular,200000,256,angular,HNSW,"{""M"": 32, ""efConstruction"": 200}",32,10,0,0.861,0.86833,0.2997,0.4688,331.82,257.6,1
nytimes-256-angular,200000,256,angular,HNSW,"{""M"": 32, ""efConstruction"": 200}",32,10,0,0.861,0.86833,0.2975,0.4389,331.82,257.6,2
nytimes-256-angular,200000,256,angular,HNSW,"{""M"": 32, ""efConstruction"": 200}",64,10,0,0.90467,0.91267,0.5167,0.697,331.82,257.6,0
nytimes-256-angular,200000,256,angular,HNSW,"{""M"": 32, ""efConstruction"": 200}",64,10,0,0.90467,0.91267,0.5314,0.7415,331.82,257.6,1
nytimes-256-angular,200000,256,angular,HNSW,"{""M"": 32, ""efConstruction"": 200}",64,10,0,0.90467,0.91267,0.5226,0.735,331.82,257.6,2
nytimes-256-angular,200000,256,angular,HNSW,"{""M"": 32, ""efConstruction"": 200}",128,10,0,0.93133,0.938,0.9758,1.2625,331.82,257.6,0
nytimes-256-angular,200000,256,angular,HNSW,"{""M"": 32, ""efConstruction"": 200}",128,10,0,0.93133,0.938,0.9669,1.234,331.82,257.6,1
nytimes-256-angular,200000,256,angular,HNSW,"{""M"": 32, ""efConstruction"": 200}",128,10,0,0.93133,0.938,0.9677,1.2492,331.82,257.6,2
nytimes-256-angular,200000,256,angular,HNSW,"{""M"": 32, ""efConstruction"": 200}",256,10,0,0.95067,0.95767,1.8583,2.2053,331.82,257.6,0
nytimes-256-angular,200000,256,angular,HNSW,"{""M"": 32, ""efConstruction"": 200}",256,10,0,0.95067,0.95767,1.8714,2.2032,331.82,257.6,1
nytimes-256-angular,200000,256,angular,HNSW,"{""M"": 32, ""efConstruction"": 200}",256,10,0,0.95067,0.95767,1.8539,2.2332,331.82,257.6,2
nytimes-256-angular,200000,256,angular,HNSW,"{""M"": 32, ""efConstruction"": 200}",512,10,0,0.97167,0.97967,3.6513,4.1927,331.82,257.6,0
nytimes-256-angular,200000,256,angular,HNSW,"{""M"": 32, ""efConstruction"": 200}",512,10,0,0.97167,0.97967,3.6579,4.2129,331.82,257.6,1
nytimes-256-angular,200000,256,angular,HNSW,"{""M"": 32, ""efConstruction"": 200}",512,10,0,0.97167,0.97967,3.6496,4.6345,331.82,257.6,2
nytimes-256-angular,200000,256,angular,HNSW,"{""M"": 48, ""efConstruction"": 400}",10,10,0,0.79233,0.8,0.2184,0.3433,827.83,283.2,0
nytimes-256-angular,200000,256,angular,HNSW,"{""M"": 48, ""efConstruction"": 400}",10,10,0,0.79233,0.8,0.2141,0.3423,827.83,283.2,1
nytimes-256-angular,200000,256,angular,HNSW,"{""M"": 48, ""efConstruction"": 400}",10,10,0,0.79233,0.8,0.2323,0.3697,827.83,283.2,2
nytimes-256-angular,200000,256,angular,HNSW,"{""M"": 48, ""efConstruction"": 400}",16,10,0,0.842,0.84833,0.3069,0.462,827.83,283.2,0
nytimes-256-angular,200000,256,angular,HNSW,"{""M"": 48, ""efConstruction"": 400}",16,10,0,0.842,0.84833,0.2998,0.469,827.83,283.2,1
nytimes-256-angular,200000,256,angular,HNSW,"{""M"": 48, ""efConstruction"": 400}",16,10,0,0.842,0.84833,0.305,0.4622,827.83,283.2,2
nytimes-256-angular,200000,256,angular,HNSW,"{""M"": 48, ""efConstruction"": 400}",32,10,0,0.88633,0.89367,0.5184,0.714,827.83,283.2,0
nytimes-256-angular,200000,256,angular,HNSW,"{""M"": 48, ""efConstruction"": 400}",32,10,0,0.88633,0.89367,0.5179,0.7214,827.83,283.2,1
nytimes-256-angular,200000,256,angular,HNSW,"{""M"": 48, ""efConstruction"": 400}",32,10,0,0.88633,0.89367,0.5264,0.7222,827.83,283.2,2
nytimes-256-angular,200000,256,angular,HNSW,"{""M"": 48, ""efConstruction"": 400}",64,10,0,0.921,0.92733,0.956,1.2148,827.83,283.2,0
nytimes-256-angular,200000,256,angular,HNSW,"{""M"": 48, ""efConstruction"": 400}",64,10,0,0.921,0.92733,0.9203,1.171,827.83,283.2,1
nytimes-256-angular,200000,256,angular,HNSW,"{""M"": 48, ""efConstruction"": 400}",64,10,0,0.921,0.92733,0.9355,1.1772,827.83,283.2,2
nytimes-256-angular,200000,256,angular,HNSW,"{""M"": 48, ""efConstruction"": 400}",128,10,0,0.94967,0.95767,1.8047,2.1885,827.83,283.2,0
nytimes-256-angular,200000,256,angular,HNSW,"{""M"": 48, ""efConstruction"": 400}",128,10,0,0.94967,0.95767,1.7713,2.1671,827.83,283.2,1
nytimes-256-angular,200000,256,angular,HNSW,"{""M"": 48, ""efConstruction"": 400}",128,10,0,0.94967,0.95767,1.7995,2.1654,827.83,283.2,2
nytimes-256-angular,200000,256,angular,HNSW,"{""M"": 48, ""efConstruction"": 400}",256,10,0,0.972,0.98,3.377,3.9228,827.83,283.2,0
nytimes-256-angular,200000,256,angular,HNSW,"{""M"": 48, ""efConstruction"": 400}",256,10,0,0.972,0.98,3.4066,3.9298,827.83,283.2,1
nytimes-256-angular,200000,256,angular,HNSW,"{""M"": 48, ""efConstruction"": 400}",256,10,0,0.972,0.98,3.5524,4.049,827.83,283.2,2
nytimes-256-angular,200000,256,angular,HNSW,"{""M"": 48, ""efConstruction"": 400}",512,10,0,0.98433,0.993,6.6887,7.4212,827.83,283.2,0
nytimes-256-angular,200000,256,angular,HNSW,"{""M"": 48, ""efConstruction"": 400}",512,10,0,0.98433,0.993,6.7382,7.4053,827.83,283.2,1
nytimes-256-angular,200000,256,angular,HNSW,"{""M"": 48, ""efConstruction"": 400}",512,10,0,0.98433,0.993,6.5981,7.3223,827.83,283.2,2
nytimes-256-angular,200000,256,angular,IVF-Flat,"{""nlist"": 100}",1,10,1,0.47867,0.48233,0.2861,0.5128,0.7,206.5,0
nytimes-256-angular,200000,256,angular,IVF-Flat,"{""nlist"": 100}",1,10,1,0.47867,0.48233,0.284,0.4894,0.7,206.5,1
nytimes-256-angular,200000,256,angular,IVF-Flat,"{""nlist"": 100}",1,10,1,0.47867,0.48233,0.2954,0.5104,0.7,206.5,2
nytimes-256-angular,200000,256,angular,IVF-Flat,"{""nlist"": 100}",2,10,0,0.56433,0.56733,0.5497,0.8157,0.7,206.5,0
nytimes-256-angular,200000,256,angular,IVF-Flat,"{""nlist"": 100}",2,10,0,0.56433,0.56733,0.538,0.8101,0.7,206.5,1
nytimes-256-angular,200000,256,angular,IVF-Flat,"{""nlist"": 100}",2,10,0,0.56433,0.56733,0.5393,0.8007,0.7,206.5,2
nytimes-256-angular,200000,256,angular,IVF-Flat,"{""nlist"": 100}",4,10,0,0.63367,0.63667,1.0035,1.362,0.7,206.5,0
nytimes-256-angular,200000,256,angular,IVF-Flat,"{""nlist"": 100}",4,10,0,0.63367,0.63667,1.0268,1.4209,0.7,206.5,1
nytimes-256-angular,200000,256,angular,IVF-Flat,"{""nlist"": 100}",4,10,0,0.63367,0.63667,1.0174,1.3904,0.7,206.5,2
nytimes-256-angular,200000,256,angular,IVF-Flat,"{""nlist"": 100}",8,10,0,0.72533,0.72867,2.0386,2.5526,0.7,206.5,0
nytimes-256-angular,200000,256,angular,IVF-Flat,"{""nlist"": 100}",8,10,0,0.72533,0.72867,2.0009,2.4525,0.7,206.5,1
nytimes-256-angular,200000,256,angular,IVF-Flat,"{""nlist"": 100}",8,10,0,0.72533,0.72867,1.9577,2.3966,0.7,206.5,2
nytimes-256-angular,200000,256,angular,IVF-Flat,"{""nlist"": 100}",16,10,0,0.82167,0.82633,3.8132,4.4459,0.7,206.5,0
nytimes-256-angular,200000,256,angular,IVF-Flat,"{""nlist"": 100}",16,10,0,0.82167,0.82633,3.8262,4.371,0.7,206.5,1
nytimes-256-angular,200000,256,angular,IVF-Flat,"{""nlist"": 100}",16,10,0,0.82167,0.82633,3.8272,4.416,0.7,206.5,2
nytimes-256-angular,200000,256,angular,IVF-Flat,"{""nlist"": 100}",32,10,0,0.90533,0.911,7.6094,8.3629,0.7,206.5,0
nytimes-256-angular,200000,256,angular,IVF-Flat,"{""nlist"": 100}",32,10,0,0.90533,0.911,7.6518,8.4174,0.7,206.5,1
nytimes-256-angular,200000,256,angular,IVF-Flat,"{""nlist"": 100}",32,10,0,0.90533,0.911,7.7324,8.4135,0.7,206.5,2
nytimes-256-angular,200000,256,angular,IVF-Flat,"{""nlist"": 100}",64,10,0,0.96933,0.97267,15.0771,15.9088,0.7,206.5,0
nytimes-256-angular,200000,256,angular,IVF-Flat,"{""nlist"": 100}",64,10,0,0.96933,0.97267,15.2069,16.1899,0.7,206.5,1
nytimes-256-angular,200000,256,angular,IVF-Flat,"{""nlist"": 100}",64,10,0,0.96933,0.97267,15.0147,16.1283,0.7,206.5,2
nytimes-256-angular,200000,256,angular,IVF-Flat,"{""nlist"": 100}",128,10,0,0.99767,1.0,23.2779,24.0698,0.7,206.5,0
nytimes-256-angular,200000,256,angular,IVF-Flat,"{""nlist"": 100}",128,10,0,0.99767,1.0,23.4362,24.3073,0.7,206.5,1
nytimes-256-angular,200000,256,angular,IVF-Flat,"{""nlist"": 100}",128,10,0,0.99767,1.0,23.7353,24.8597,0.7,206.5,2
nytimes-256-angular,200000,256,angular,IVF-Flat,"{""nlist"": 1024}",1,10,0,0.59033,0.59233,0.0952,0.1468,12.6,207.45,0
nytimes-256-angular,200000,256,angular,IVF-Flat,"{""nlist"": 1024}",1,10,0,0.59033,0.59233,0.092,0.1402,12.6,207.45,1
nytimes-256-angular,200000,256,angular,IVF-Flat,"{""nlist"": 1024}",1,10,0,0.59033,0.59233,0.0804,0.1337,12.6,207.45,2
nytimes-256-angular,200000,256,angular,IVF-Flat,"{""nlist"": 1024}",2,10,0,0.665,0.66733,0.1201,0.1999,12.6,207.45,0
nytimes-256-angular,200000,256,angular,IVF-Flat,"{""nlist"": 1024}",2,10,0,0.665,0.66733,0.1278,0.2088,12.6,207.45,1
nytimes-256-angular,200000,256,angular,IVF-Flat,"{""nlist"": 1024}",2,10,0,0.665,0.66733,0.1278,0.2042,12.6,207.45,2
nytimes-256-angular,200000,256,angular,IVF-Flat,"{""nlist"": 1024}",4,10,0,0.72167,0.72433,0.1895,0.2971,12.6,207.45,0
nytimes-256-angular,200000,256,angular,IVF-Flat,"{""nlist"": 1024}",4,10,0,0.72167,0.72433,0.1827,0.2747,12.6,207.45,1
nytimes-256-angular,200000,256,angular,IVF-Flat,"{""nlist"": 1024}",4,10,0,0.72167,0.72433,0.1807,0.2645,12.6,207.45,2
nytimes-256-angular,200000,256,angular,IVF-Flat,"{""nlist"": 1024}",8,10,0,0.76133,0.76567,0.3068,0.427,12.6,207.45,0
nytimes-256-angular,200000,256,angular,IVF-Flat,"{""nlist"": 1024}",8,10,0,0.76133,0.76567,0.2864,0.4181,12.6,207.45,1
nytimes-256-angular,200000,256,angular,IVF-Flat,"{""nlist"": 1024}",8,10,0,0.76133,0.76567,0.2874,0.404,12.6,207.45,2
nytimes-256-angular,200000,256,angular,IVF-Flat,"{""nlist"": 1024}",16,10,0,0.79733,0.80133,0.5194,0.6712,12.6,207.45,0
nytimes-256-angular,200000,256,angular,IVF-Flat,"{""nlist"": 1024}",16,10,0,0.79733,0.80133,0.5003,0.6503,12.6,207.45,1
nytimes-256-angular,200000,256,angular,IVF-Flat,"{""nlist"": 1024}",16,10,0,0.79733,0.80133,0.5298,0.6862,12.6,207.45,2
nytimes-256-angular,200000,256,angular,IVF-Flat,"{""nlist"": 1024}",32,10,0,0.827,0.83367,0.9733,1.2093,12.6,207.45,0
nytimes-256-angular,200000,256,angular,IVF-Flat,"{""nlist"": 1024}",32,10,0,0.827,0.83367,0.9546,1.2102,12.6,207.45,1
nytimes-256-angular,200000,256,angular,IVF-Flat,"{""nlist"": 1024}",32,10,0,0.827,0.83367,0.9552,1.1854,12.6,207.45,2
nytimes-256-angular,200000,256,angular,IVF-Flat,"{""nlist"": 1024}",64,10,0,0.86333,0.87033,1.7064,1.9822,12.6,207.45,0
nytimes-256-angular,200000,256,angular,IVF-Flat,"{""nlist"": 1024}",64,10,0,0.86333,0.87033,1.7349,1.9933,12.6,207.45,1
nytimes-256-angular,200000,256,angular,IVF-Flat,"{""nlist"": 1024}",64,10,0,0.86333,0.87033,1.6952,1.9628,12.6,207.45,2
nytimes-256-angular,200000,256,angular,IVF-Flat,"{""nlist"": 1024}",128,10,0,0.90333,0.908,3.206,3.5732,12.6,207.45,0
nytimes-256-angular,200000,256,angular,IVF-Flat,"{""nlist"": 1024}",128,10,0,0.90333,0.908,3.2423,3.6433,12.6,207.45,1
nytimes-256-angular,200000,256,angular,IVF-Flat,"{""nlist"": 1024}",128,10,0,0.90333,0.908,3.2012,3.5947,12.6,207.45,2
nytimes-256-angular,200000,256,angular,IVF-Flat,"{""nlist"": 4096}",1,10,0,0.51933,0.52067,0.21,0.2605,47.48,210.59,0
nytimes-256-angular,200000,256,angular,IVF-Flat,"{""nlist"": 4096}",1,10,0,0.51933,0.52067,0.2093,0.2723,47.48,210.59,1
nytimes-256-angular,200000,256,angular,IVF-Flat,"{""nlist"": 4096}",1,10,0,0.51933,0.52067,0.2088,0.2659,47.48,210.59,2
nytimes-256-angular,200000,256,angular,IVF-Flat,"{""nlist"": 4096}",2,10,0,0.651,0.653,0.218,0.2686,47.48,210.59,0
nytimes-256-angular,200000,256,angular,IVF-Flat,"{""nlist"": 4096}",2,10,0,0.651,0.653,0.2159,0.2797,47.48,210.59,1
nytimes-256-angular,200000,256,angular,IVF-Flat,"{""nlist"": 4096}",2,10,0,0.651,0.653,0.2155,0.2722,47.48,210.59,2
nytimes-256-angular,200000,256,angular,IVF-Flat,"{""nlist"": 4096}",4,10,0,0.724,0.72633,0.237,0.2981,47.48,210.59,0
nytimes-256-angular,200000,256,angular,IVF-Flat,"{""nlist"": 4096}",4,10,0,0.724,0.72633,0.2454,0.328,47.48,210.59,1
nytimes-256-angular,200000,256,angular,IVF-Flat,"{""nlist"": 4096}",4,10,0,0.724,0.72633,0.2512,0.335,47.48,210.59,2
nytimes-256-angular,200000,256,angular,IVF-Flat,"{""nlist"": 4096}",8,10,0,0.771,0.77367,0.2933,0.3632,47.48,210.59,0
nytimes-256-angular,200000,256,angular,IVF-Flat,"{""nlist"": 4096}",8,10,0,0.771,0.77367,0.2896,0.359,47.48,210.59,1
nytimes-256-angular,200000,256,angular,IVF-Flat,"{""nlist"": 4096}",8,10,0,0.771,0.77367,0.2707,0.3433,47.48,210.59,2
nytimes-256-angular,200000,256,angular,IVF-Flat,"{""nlist"": 4096}",16,10,0,0.80267,0.807,0.3341,0.4135,47.48,210.59,0
nytimes-256-angular,200000,256,angular,IVF-Flat,"{""nlist"": 4096}",16,10,0,0.80267,0.807,0.336,0.4108,47.48,210.59,1
nytimes-256-angular,200000,256,angular,IVF-Flat,"{""nlist"": 4096}",16,10,0,0.80267,0.807,0.3335,0.4195,47.48,210.59,2
nytimes-256-angular,200000,256,angular,IVF-Flat,"{""nlist"": 4096}",32,10,0,0.83233,0.83733,0.4629,0.573,47.48,210.59,0
nytimes-256-angular,200000,256,angular,IVF-Flat,"{""nlist"": 4096}",32,10,0,0.83233,0.83733,0.4678,0.581,47.48,210.59,1
nytimes-256-angular,200000,256,angular,IVF-Flat,"{""nlist"": 4096}",32,10,0,0.83233,0.83733,0.4856,0.6076,47.48,210.59,2
nytimes-256-angular,200000,256,angular,IVF-Flat,"{""nlist"": 4096}",64,10,0,0.85833,0.86433,0.7421,0.8822,47.48,210.59,0
nytimes-256-angular,200000,256,angular,IVF-Flat,"{""nlist"": 4096}",64,10,0,0.85833,0.86433,0.7415,0.9072,47.48,210.59,1
nytimes-256-angular,200000,256,angular,IVF-Flat,"{""nlist"": 4096}",64,10,0,0.85833,0.86433,0.7014,0.8471,47.48,210.59,2
nytimes-256-angular,200000,256,angular,IVF-Flat,"{""nlist"": 4096}",128,10,0,0.886,0.892,1.1977,1.3957,47.48,210.59,0
nytimes-256-angular,200000,256,angular,IVF-Flat,"{""nlist"": 4096}",128,10,0,0.886,0.892,1.1954,1.389,47.48,210.59,1
nytimes-256-angular,200000,256,angular,IVF-Flat,"{""nlist"": 4096}",128,10,0,0.886,0.892,1.2238,1.427,47.48,210.59,2
nytimes-256-angular,200000,256,angular,IVF-PQ,"{""m"": 8, ""nbits"": 8, ""nlist"": 1024}",1,10,1,0.29033,0.29067,0.0752,0.1505,21.12,4.25,0
nytimes-256-angular,200000,256,angular,IVF-PQ,"{""m"": 8, ""nbits"": 8, ""nlist"": 1024}",1,10,1,0.29033,0.29067,0.0684,0.1172,21.12,4.25,1
nytimes-256-angular,200000,256,angular,IVF-PQ,"{""m"": 8, ""nbits"": 8, ""nlist"": 1024}",1,10,1,0.29033,0.29067,0.0674,0.1183,21.12,4.25,2
nytimes-256-angular,200000,256,angular,IVF-PQ,"{""m"": 8, ""nbits"": 8, ""nlist"": 1024}",2,10,0,0.29767,0.298,0.0727,0.1225,21.12,4.25,0
nytimes-256-angular,200000,256,angular,IVF-PQ,"{""m"": 8, ""nbits"": 8, ""nlist"": 1024}",2,10,0,0.29767,0.298,0.0721,0.1162,21.12,4.25,1
nytimes-256-angular,200000,256,angular,IVF-PQ,"{""m"": 8, ""nbits"": 8, ""nlist"": 1024}",2,10,0,0.29767,0.298,0.0713,0.1128,21.12,4.25,2
nytimes-256-angular,200000,256,angular,IVF-PQ,"{""m"": 8, ""nbits"": 8, ""nlist"": 1024}",4,10,0,0.30733,0.30767,0.0794,0.1305,21.12,4.25,0
nytimes-256-angular,200000,256,angular,IVF-PQ,"{""m"": 8, ""nbits"": 8, ""nlist"": 1024}",4,10,0,0.30733,0.30767,0.0802,0.1417,21.12,4.25,1
nytimes-256-angular,200000,256,angular,IVF-PQ,"{""m"": 8, ""nbits"": 8, ""nlist"": 1024}",4,10,0,0.30733,0.30767,0.0829,0.1437,21.12,4.25,2
nytimes-256-angular,200000,256,angular,IVF-PQ,"{""m"": 8, ""nbits"": 8, ""nlist"": 1024}",8,10,0,0.309,0.30967,0.0919,0.1376,21.12,4.25,0
nytimes-256-angular,200000,256,angular,IVF-PQ,"{""m"": 8, ""nbits"": 8, ""nlist"": 1024}",8,10,0,0.309,0.30967,0.0916,0.1375,21.12,4.25,1
nytimes-256-angular,200000,256,angular,IVF-PQ,"{""m"": 8, ""nbits"": 8, ""nlist"": 1024}",8,10,0,0.309,0.30967,0.0967,0.1522,21.12,4.25,2
nytimes-256-angular,200000,256,angular,IVF-PQ,"{""m"": 8, ""nbits"": 8, ""nlist"": 1024}",16,10,0,0.31,0.31067,0.1186,0.1733,21.12,4.25,0
nytimes-256-angular,200000,256,angular,IVF-PQ,"{""m"": 8, ""nbits"": 8, ""nlist"": 1024}",16,10,0,0.31,0.31067,0.1204,0.1903,21.12,4.25,1
nytimes-256-angular,200000,256,angular,IVF-PQ,"{""m"": 8, ""nbits"": 8, ""nlist"": 1024}",16,10,0,0.31,0.31067,0.1172,0.1773,21.12,4.25,2
nytimes-256-angular,200000,256,angular,IVF-PQ,"{""m"": 8, ""nbits"": 8, ""nlist"": 1024}",64,10,0,0.31033,0.311,0.2564,0.3215,21.12,4.25,0
nytimes-256-angular,200000,256,angular,IVF-PQ,"{""m"": 8, ""nbits"": 8, ""nlist"": 1024}",64,10,0,0.31033,0.311,0.2654,0.337,21.12,4.25,1
nytimes-256-angular,200000,256,angular,IVF-PQ,"{""m"": 8, ""nbits"": 8, ""nlist"": 1024}",64,10,0,0.31033,0.311,0.2582,0.3306,21.12,4.25,2
nytimes-256-angular,200000,256,angular,IVF-PQ,"{""m"": 8, ""nbits"": 8, ""nlist"": 1024}",128,10,0,0.31,0.31067,0.4509,0.5391,21.12,4.25,0
nytimes-256-angular,200000,256,angular,IVF-PQ,"{""m"": 8, ""nbits"": 8, ""nlist"": 1024}",128,10,0,0.31,0.31067,0.4725,0.5611,21.12,4.25,1
nytimes-256-angular,200000,256,angular,IVF-PQ,"{""m"": 8, ""nbits"": 8, ""nlist"": 1024}",128,10,0,0.31,0.31067,0.4874,0.6208,21.12,4.25,2
nytimes-256-angular,200000,256,angular,IVF-PQ,"{""m"": 16, ""nbits"": 8, ""nlist"": 1024}",1,10,0,0.37533,0.37633,0.0886,0.1344,26.48,5.85,0
nytimes-256-angular,200000,256,angular,IVF-PQ,"{""m"": 16, ""nbits"": 8, ""nlist"": 1024}",1,10,0,0.37533,0.37633,0.0871,0.129,26.48,5.85,1
nytimes-256-angular,200000,256,angular,IVF-PQ,"{""m"": 16, ""nbits"": 8, ""nlist"": 1024}",1,10,0,0.37533,0.37633,0.0875,0.1301,26.48,5.85,2
nytimes-256-angular,200000,256,angular,IVF-PQ,"{""m"": 16, ""nbits"": 8, ""nlist"": 1024}",2,10,0,0.38967,0.391,0.0955,0.3608,26.48,5.85,0
nytimes-256-angular,200000,256,angular,IVF-PQ,"{""m"": 16, ""nbits"": 8, ""nlist"": 1024}",2,10,0,0.38967,0.391,0.094,0.1473,26.48,5.85,1
nytimes-256-angular,200000,256,angular,IVF-PQ,"{""m"": 16, ""nbits"": 8, ""nlist"": 1024}",2,10,0,0.38967,0.391,0.0935,0.1376,26.48,5.85,2
nytimes-256-angular,200000,256,angular,IVF-PQ,"{""m"": 16, ""nbits"": 8, ""nlist"": 1024}",4,10,0,0.40667,0.40767,0.109,0.1581,26.48,5.85,0
nytimes-256-angular,200000,256,angular,IVF-PQ,"{""m"": 16, ""nbits"": 8, ""nlist"": 1024}",4,10,0,0.40667,0.40767,0.112,0.1631,26.48,5.85,1
nytimes-256-angular,200000,256,angular,IVF-PQ,"{""m"": 16, ""nbits"": 8, ""nlist"": 1024}",4,10,0,0.40667,0.40767,0.1116,0.1641,26.48,5.85,2
nytimes-256-angular,200000,256,angular,IVF-PQ,"{""m"": 16, ""nbits"": 8, ""nlist"": 1024}",8,10,0,0.41433,0.41533,0.1284,0.1848,26.48,5.85,0
nytimes-256-angular,200000,256,angular,IVF-PQ,"{""m"": 16, ""nbits"": 8, ""nlist"": 1024}",8,10,0,0.41433,0.41533,0.1327,0.1858,26.48,5.85,1
nytimes-256-angular,200000,256,angular,IVF-PQ,"{""m"": 16, ""nbits"": 8, ""nlist"": 1024}",8,10,0,0.41433,0.41533,0.1345,0.1857,26.48,5.85,2
nytimes-256-angular,200000,256,angular,IVF-PQ,"{""m"": 16, ""nbits"": 8, ""nlist"": 1024}",16,10,0,0.41867,0.41967,0.1717,0.2321,26.48,5.85,0
nytimes-256-angular,200000,256,angular,IVF-PQ,"{""m"": 16, ""nbits"": 8, ""nlist"": 1024}",16,10,0,0.41867,0.41967,0.1792,0.2452,26.48,5.85,1
nytimes-256-angular,200000,256,angular,IVF-PQ,"{""m"": 16, ""nbits"": 8, ""nlist"": 1024}",16,10,0,0.41867,0.41967,0.1783,0.2396,26.48,5.85,2
nytimes-256-angular,200000,256,angular,IVF-PQ,"{""m"": 16, ""nbits"": 8, ""nlist"": 1024}",64,10,0,0.42533,0.42633,0.4222,0.4971,26.48,5.85,0
nytimes-256-angular,200000,256,angular,IVF-PQ,"{""m"": 16, ""nbits"": 8, ""nlist"": 1024}",64,10,0,0.42533,0.42633,0.4536,0.5616,26.48,5.85,1
nytimes-256-angular,200000,256,angular,IVF-PQ,"{""m"": 16, ""nbits"": 8, ""nlist"": 1024}",64,10,0,0.42533,0.42633,0.4417,0.5234,26.48,5.85,2
nytimes-256-angular,200000,256,angular,IVF-PQ,"{""m"": 16, ""nbits"": 8, ""nlist"": 1024}",128,10,0,0.426,0.427,0.737,0.8438,26.48,5.85,0
nytimes-256-angular,200000,256,angular,IVF-PQ,"{""m"": 16, ""nbits"": 8, ""nlist"": 1024}",128,10,0,0.426,0.427,0.7277,0.8251,26.48,5.85,1
nytimes-256-angular,200000,256,angular,IVF-PQ,"{""m"": 16, ""nbits"": 8, ""nlist"": 1024}",128,10,0,0.426,0.427,0.7202,0.8197,26.48,5.85,2
nytimes-256-angular,200000,256,angular,IVF-PQ,"{""m"": 16, ""nbits"": 8, ""nlist"": 4096}",1,10,0,0.39367,0.39467,0.2341,0.3052,61.33,8.99,0
nytimes-256-angular,200000,256,angular,IVF-PQ,"{""m"": 16, ""nbits"": 8, ""nlist"": 4096}",1,10,0,0.39367,0.39467,0.2372,0.3137,61.33,8.99,1
nytimes-256-angular,200000,256,angular,IVF-PQ,"{""m"": 16, ""nbits"": 8, ""nlist"": 4096}",1,10,0,0.39367,0.39467,0.2357,0.3022,61.33,8.99,2
nytimes-256-angular,200000,256,angular,IVF-PQ,"{""m"": 16, ""nbits"": 8, ""nlist"": 4096}",2,10,0,0.433,0.434,0.2432,0.3487,61.33,8.99,0
nytimes-256-angular,200000,256,angular,IVF-PQ,"{""m"": 16, ""nbits"": 8, ""nlist"": 4096}",2,10,0,0.433,0.434,0.2279,0.3147,61.33,8.99,1
nytimes-256-angular,200000,256,angular,IVF-PQ,"{""m"": 16, ""nbits"": 8, ""nlist"": 4096}",2,10,0,0.433,0.434,0.2229,0.2961,61.33,8.99,2
nytimes-256-angular,200000,256,angular,IVF-PQ,"{""m"": 16, ""nbits"": 8, ""nlist"": 4096}",4,10,0,0.45,0.451,0.227,0.3019,61.33,8.99,0
nytimes-256-angular,200000,256,angular,IVF-PQ,"{""m"": 16, ""nbits"": 8, ""nlist"": 4096}",4,10,0,0.45,0.451,0.2275,0.3032,61.33,8.99,1
nytimes-256-angular,200000,256,angular,IVF-PQ,"{""m"": 16, ""nbits"": 8, ""nlist"": 4096}",4,10,0,0.45,0.451,0.2258,0.2977,61.33,8.99,2
nytimes-256-angular,200000,256,angular,IVF-PQ,"{""m"": 16, ""nbits"": 8, ""nlist"": 4096}",8,10,0,0.45767,0.45867,0.2564,0.3369,61.33,8.99,0
nytimes-256-angular,200000,256,angular,IVF-PQ,"{""m"": 16, ""nbits"": 8, ""nlist"": 4096}",8,10,0,0.45767,0.45867,0.2461,0.3186,61.33,8.99,1
nytimes-256-angular,200000,256,angular,IVF-PQ,"{""m"": 16, ""nbits"": 8, ""nlist"": 4096}",8,10,0,0.45767,0.45867,0.2394,0.3112,61.33,8.99,2
nytimes-256-angular,200000,256,angular,IVF-PQ,"{""m"": 16, ""nbits"": 8, ""nlist"": 4096}",16,10,0,0.461,0.46333,0.2642,0.3342,61.33,8.99,0
nytimes-256-angular,200000,256,angular,IVF-PQ,"{""m"": 16, ""nbits"": 8, ""nlist"": 4096}",16,10,0,0.461,0.46333,0.2806,0.3547,61.33,8.99,1
nytimes-256-angular,200000,256,angular,IVF-PQ,"{""m"": 16, ""nbits"": 8, ""nlist"": 4096}",16,10,0,0.461,0.46333,0.2969,0.3742,61.33,8.99,2
nytimes-256-angular,200000,256,angular,IVF-PQ,"{""m"": 16, ""nbits"": 8, ""nlist"": 4096}",64,10,0,0.46433,0.46667,0.4315,0.5231,61.33,8.99,0
nytimes-256-angular,200000,256,angular,IVF-PQ,"{""m"": 16, ""nbits"": 8, ""nlist"": 4096}",64,10,0,0.46433,0.46667,0.4102,0.5051,61.33,8.99,1
nytimes-256-angular,200000,256,angular,IVF-PQ,"{""m"": 16, ""nbits"": 8, ""nlist"": 4096}",64,10,0,0.46433,0.46667,0.403,0.4899,61.33,8.99,2
nytimes-256-angular,200000,256,angular,IVF-PQ,"{""m"": 16, ""nbits"": 8, ""nlist"": 4096}",128,10,0,0.46567,0.468,0.5789,0.6544,61.33,8.99,0
nytimes-256-angular,200000,256,angular,IVF-PQ,"{""m"": 16, ""nbits"": 8, ""nlist"": 4096}",128,10,0,0.46567,0.468,0.5852,0.6673,61.33,8.99,1
nytimes-256-angular,200000,256,angular,IVF-PQ,"{""m"": 16, ""nbits"": 8, ""nlist"": 4096}",128,10,0,0.46567,0.468,0.5697,0.6522,61.33,8.99,2
