dataset,n_base,dim,metric,family,build_params,query_param,k,is_default,recall_id,recall_tieaware,recall_q_std,n_query,latency_median_ms,latency_p95_ms,build_seconds,build_threads,memory_mb,repeat
synthetic-id48-128,200000,128,euclidean,HNSW,"{""M"": 16, ""efConstruction"": 200}",10,10,1,0.65867,0.65867,0.18924,300,0.0447,0.0783,39.03,2,129.6,0
synthetic-id48-128,200000,128,euclidean,HNSW,"{""M"": 16, ""efConstruction"": 200}",10,10,1,0.65867,0.65867,0.18924,300,0.0464,0.083,39.03,2,129.6,1
synthetic-id48-128,200000,128,euclidean,HNSW,"{""M"": 16, ""efConstruction"": 200}",10,10,1,0.65867,0.65867,0.18924,300,0.046,0.0854,39.03,2,129.6,2
synthetic-id48-128,200000,128,euclidean,HNSW,"{""M"": 16, ""efConstruction"": 200}",12,10,0,0.711,0.711,0.16914,300,0.0665,0.1094,39.03,2,129.6,0
synthetic-id48-128,200000,128,euclidean,HNSW,"{""M"": 16, ""efConstruction"": 200}",12,10,0,0.711,0.711,0.16914,300,0.0731,0.113,39.03,2,129.6,1
synthetic-id48-128,200000,128,euclidean,HNSW,"{""M"": 16, ""efConstruction"": 200}",12,10,0,0.711,0.711,0.16914,300,0.0489,0.0874,39.03,2,129.6,2
synthetic-id48-128,200000,128,euclidean,HNSW,"{""M"": 16, ""efConstruction"": 200}",16,10,0,0.77,0.77,0.15742,300,0.0601,0.0971,39.03,2,129.6,0
synthetic-id48-128,200000,128,euclidean,HNSW,"{""M"": 16, ""efConstruction"": 200}",16,10,0,0.77,0.77,0.15742,300,0.059,0.095,39.03,2,129.6,1
synthetic-id48-128,200000,128,euclidean,HNSW,"{""M"": 16, ""efConstruction"": 200}",16,10,0,0.77,0.77,0.15742,300,0.0599,0.1013,39.03,2,129.6,2
synthetic-id48-128,200000,128,euclidean,HNSW,"{""M"": 16, ""efConstruction"": 200}",20,10,0,0.81667,0.81667,0.14489,300,0.069,0.1087,39.03,2,129.6,0
synthetic-id48-128,200000,128,euclidean,HNSW,"{""M"": 16, ""efConstruction"": 200}",20,10,0,0.81667,0.81667,0.14489,300,0.0659,0.1074,39.03,2,129.6,1
synthetic-id48-128,200000,128,euclidean,HNSW,"{""M"": 16, ""efConstruction"": 200}",20,10,0,0.81667,0.81667,0.14489,300,0.0693,0.1177,39.03,2,129.6,2
synthetic-id48-128,200000,128,euclidean,HNSW,"{""M"": 16, ""efConstruction"": 200}",24,10,0,0.86233,0.86233,0.13066,300,0.0856,0.1535,39.03,2,129.6,0
synthetic-id48-128,200000,128,euclidean,HNSW,"{""M"": 16, ""efConstruction"": 200}",24,10,0,0.86233,0.86233,0.13066,300,0.1099,0.1614,39.03,2,129.6,1
synthetic-id48-128,200000,128,euclidean,HNSW,"{""M"": 16, ""efConstruction"": 200}",24,10,0,0.86233,0.86233,0.13066,300,0.0778,0.1277,39.03,2,129.6,2
synthetic-id48-128,200000,128,euclidean,HNSW,"{""M"": 16, ""efConstruction"": 200}",32,10,0,0.90533,0.90533,0.11261,300,0.1265,0.1804,39.03,2,129.6,0
synthetic-id48-128,200000,128,euclidean,HNSW,"{""M"": 16, ""efConstruction"": 200}",32,10,0,0.90533,0.90533,0.11261,300,0.1363,0.1922,39.03,2,129.6,1
synthetic-id48-128,200000,128,euclidean,HNSW,"{""M"": 16, ""efConstruction"": 200}",32,10,0,0.90533,0.90533,0.11261,300,0.1318,0.187,39.03,2,129.6,2
synthetic-id48-128,200000,128,euclidean,HNSW,"{""M"": 16, ""efConstruction"": 200}",40,10,0,0.933,0.933,0.09683,300,0.1434,0.2174,39.03,2,129.6,0
synthetic-id48-128,200000,128,euclidean,HNSW,"{""M"": 16, ""efConstruction"": 200}",40,10,0,0.933,0.933,0.09683,300,0.1114,0.1667,39.03,2,129.6,1
synthetic-id48-128,200000,128,euclidean,HNSW,"{""M"": 16, ""efConstruction"": 200}",40,10,0,0.933,0.933,0.09683,300,0.1127,0.173,39.03,2,129.6,2
synthetic-id48-128,200000,128,euclidean,HNSW,"{""M"": 16, ""efConstruction"": 200}",48,10,0,0.95233,0.95233,0.08787,300,0.1808,0.2325,39.03,2,129.6,0
synthetic-id48-128,200000,128,euclidean,HNSW,"{""M"": 16, ""efConstruction"": 200}",48,10,0,0.95233,0.95233,0.08787,300,0.1871,0.2374,39.03,2,129.6,1
synthetic-id48-128,200000,128,euclidean,HNSW,"{""M"": 16, ""efConstruction"": 200}",48,10,0,0.95233,0.95233,0.08787,300,0.1345,0.2252,39.03,2,129.6,2
synthetic-id48-128,200000,128,euclidean,HNSW,"{""M"": 16, ""efConstruction"": 200}",64,10,0,0.97533,0.97533,0.07217,300,0.1761,0.3136,39.03,2,129.6,0
synthetic-id48-128,200000,128,euclidean,HNSW,"{""M"": 16, ""efConstruction"": 200}",64,10,0,0.97533,0.97533,0.07217,300,0.1807,0.2825,39.03,2,129.6,1
synthetic-id48-128,200000,128,euclidean,HNSW,"{""M"": 16, ""efConstruction"": 200}",64,10,0,0.97533,0.97533,0.07217,300,0.1691,0.2636,39.03,2,129.6,2
synthetic-id48-128,200000,128,euclidean,HNSW,"{""M"": 16, ""efConstruction"": 200}",80,10,0,0.98633,0.98633,0.06578,300,0.2016,0.2766,39.03,2,129.6,0
synthetic-id48-128,200000,128,euclidean,HNSW,"{""M"": 16, ""efConstruction"": 200}",80,10,0,0.98633,0.98633,0.06578,300,0.1979,0.2498,39.03,2,129.6,1
synthetic-id48-128,200000,128,euclidean,HNSW,"{""M"": 16, ""efConstruction"": 200}",80,10,0,0.98633,0.98633,0.06578,300,0.2008,0.2594,39.03,2,129.6,2
synthetic-id48-128,200000,128,euclidean,HNSW,"{""M"": 16, ""efConstruction"": 200}",96,10,0,0.99467,0.99467,0.02251,300,0.2346,0.3085,39.03,2,129.6,0
synthetic-id48-128,200000,128,euclidean,HNSW,"{""M"": 16, ""efConstruction"": 200}",96,10,0,0.99467,0.99467,0.02251,300,0.2388,0.3117,39.03,2,129.6,1
synthetic-id48-128,200000,128,euclidean,HNSW,"{""M"": 16, ""efConstruction"": 200}",96,10,0,0.99467,0.99467,0.02251,300,0.2313,0.3046,39.03,2,129.6,2
synthetic-id48-128,200000,128,euclidean,HNSW,"{""M"": 16, ""efConstruction"": 200}",128,10,0,0.998,0.998,0.01402,300,0.2973,0.4566,39.03,2,129.6,0
synthetic-id48-128,200000,128,euclidean,HNSW,"{""M"": 16, ""efConstruction"": 200}",128,10,0,0.998,0.998,0.01402,300,0.4071,0.4962,39.03,2,129.6,1
synthetic-id48-128,200000,128,euclidean,HNSW,"{""M"": 16, ""efConstruction"": 200}",128,10,0,0.998,0.998,0.01402,300,0.4205,0.4927,39.03,2,129.6,2
synthetic-id48-128,200000,128,euclidean,HNSW,"{""M"": 16, ""efConstruction"": 200}",160,10,0,0.99933,0.99933,0.00815,300,0.3725,0.5678,39.03,2,129.6,0
synthetic-id48-128,200000,128,euclidean,HNSW,"{""M"": 16, ""efConstruction"": 200}",160,10,0,0.99933,0.99933,0.00815,300,0.3856,0.4874,39.03,2,129.6,1
synthetic-id48-128,200000,128,euclidean,HNSW,"{""M"": 16, ""efConstruction"": 200}",160,10,0,0.99933,0.99933,0.00815,300,0.3783,0.4751,39.03,2,129.6,2
synthetic-id48-128,200000,128,euclidean,HNSW,"{""M"": 16, ""efConstruction"": 200}",192,10,0,0.99933,0.99933,0.00815,300,0.4404,0.5542,39.03,2,129.6,0
synthetic-id48-128,200000,128,euclidean,HNSW,"{""M"": 16, ""efConstruction"": 200}",192,10,0,0.99933,0.99933,0.00815,300,0.4565,0.652,39.03,2,129.6,1
synthetic-id48-128,200000,128,euclidean,HNSW,"{""M"": 16, ""efConstruction"": 200}",192,10,0,0.99933,0.99933,0.00815,300,0.4402,0.6165,39.03,2,129.6,2
synthetic-id48-128,200000,128,euclidean,HNSW,"{""M"": 16, ""efConstruction"": 200}",256,10,0,0.99967,0.99967,0.00577,300,0.5242,0.6267,39.03,2,129.6,0
synthetic-id48-128,200000,128,euclidean,HNSW,"{""M"": 16, ""efConstruction"": 200}",256,10,0,0.99967,0.99967,0.00577,300,0.5144,0.7973,39.03,2,129.6,1
synthetic-id48-128,200000,128,euclidean,HNSW,"{""M"": 16, ""efConstruction"": 200}",256,10,0,0.99967,0.99967,0.00577,300,0.521,0.6797,39.03,2,129.6,2
synthetic-id48-128,200000,128,euclidean,HNSW,"{""M"": 16, ""efConstruction"": 200}",320,10,0,0.99967,0.99967,0.00577,300,0.6346,0.8883,39.03,2,129.6,0
synthetic-id48-128,200000,128,euclidean,HNSW,"{""M"": 16, ""efConstruction"": 200}",320,10,0,0.99967,0.99967,0.00577,300,0.6186,0.7346,39.03,2,129.6,1
synthetic-id48-128,200000,128,euclidean,HNSW,"{""M"": 16, ""efConstruction"": 200}",320,10,0,0.99967,0.99967,0.00577,300,0.6239,0.9413,39.03,2,129.6,2
synthetic-id48-128,200000,128,euclidean,HNSW,"{""M"": 16, ""efConstruction"": 200}",384,10,0,0.99967,0.99967,0.00577,300,0.8039,1.1173,39.03,2,129.6,0
synthetic-id48-128,200000,128,euclidean,HNSW,"{""M"": 16, ""efConstruction"": 200}",384,10,0,0.99967,0.99967,0.00577,300,0.7309,1.095,39.03,2,129.6,1
synthetic-id48-128,200000,128,euclidean,HNSW,"{""M"": 16, ""efConstruction"": 200}",384,10,0,0.99967,0.99967,0.00577,300,0.7328,1.0933,39.03,2,129.6,2
synthetic-id48-128,200000,128,euclidean,HNSW,"{""M"": 16, ""efConstruction"": 200}",512,10,0,0.99967,0.99967,0.00577,300,0.8807,1.2016,39.03,2,129.6,0
synthetic-id48-128,200000,128,euclidean,HNSW,"{""M"": 16, ""efConstruction"": 200}",512,10,0,0.99967,0.99967,0.00577,300,0.8698,1.1826,39.03,2,129.6,1
synthetic-id48-128,200000,128,euclidean,HNSW,"{""M"": 16, ""efConstruction"": 200}",512,10,0,0.99967,0.99967,0.00577,300,0.8868,1.2266,39.03,2,129.6,2
synthetic-id48-128,200000,128,euclidean,HNSW,"{""M"": 16, ""efConstruction"": 200}",640,10,0,0.99967,0.99967,0.00577,300,1.0445,1.5508,39.03,2,129.6,0
synthetic-id48-128,200000,128,euclidean,HNSW,"{""M"": 16, ""efConstruction"": 200}",640,10,0,0.99967,0.99967,0.00577,300,0.9939,1.1789,39.03,2,129.6,1
synthetic-id48-128,200000,128,euclidean,HNSW,"{""M"": 16, ""efConstruction"": 200}",640,10,0,0.99967,0.99967,0.00577,300,0.9953,1.1785,39.03,2,129.6,2
synthetic-id48-128,200000,128,euclidean,HNSW,"{""M"": 16, ""efConstruction"": 200}",768,10,0,0.99967,0.99967,0.00577,300,1.1614,1.575,39.03,2,129.6,0
synthetic-id48-128,200000,128,euclidean,HNSW,"{""M"": 16, ""efConstruction"": 200}",768,10,0,0.99967,0.99967,0.00577,300,1.1309,1.4831,39.03,2,129.6,1
synthetic-id48-128,200000,128,euclidean,HNSW,"{""M"": 16, ""efConstruction"": 200}",768,10,0,0.99967,0.99967,0.00577,300,1.1306,1.2596,39.03,2,129.6,2
synthetic-id48-128,200000,128,euclidean,HNSW,"{""M"": 16, ""efConstruction"": 200}",1024,10,0,0.99967,0.99967,0.00577,300,1.3622,1.5245,39.03,2,129.6,0
synthetic-id48-128,200000,128,euclidean,HNSW,"{""M"": 16, ""efConstruction"": 200}",1024,10,0,0.99967,0.99967,0.00577,300,1.3922,1.6223,39.03,2,129.6,1
synthetic-id48-128,200000,128,euclidean,HNSW,"{""M"": 16, ""efConstruction"": 200}",1024,10,0,0.99967,0.99967,0.00577,300,1.4387,1.9155,39.03,2,129.6,2
synthetic-id48-128,200000,128,euclidean,IVF-Flat,"{""nlist"": 1024}",1,10,0,0.23833,0.23833,0.1689,300,0.0299,0.0423,4.96,2,104.52,0
synthetic-id48-128,200000,128,euclidean,IVF-Flat,"{""nlist"": 1024}",1,10,0,0.23833,0.23833,0.1689,300,0.0307,0.0576,4.96,2,104.52,1
synthetic-id48-128,200000,128,euclidean,IVF-Flat,"{""nlist"": 1024}",1,10,0,0.23833,0.23833,0.1689,300,0.0315,0.0711,4.96,2,104.52,2
synthetic-id48-128,200000,128,euclidean,IVF-Flat,"{""nlist"": 1024}",2,10,0,0.36633,0.36633,0.1882,300,0.0447,0.0999,4.96,2,104.52,0
synthetic-id48-128,200000,128,euclidean,IVF-Flat,"{""nlist"": 1024}",2,10,0,0.36633,0.36633,0.1882,300,0.0456,0.1032,4.96,2,104.52,1
synthetic-id48-128,200000,128,euclidean,IVF-Flat,"{""nlist"": 1024}",2,10,0,0.36633,0.36633,0.1882,300,0.0426,0.0739,4.96,2,104.52,2
synthetic-id48-128,200000,128,euclidean,IVF-Flat,"{""nlist"": 1024}",3,10,0,0.467,0.467,0.19061,300,0.0562,0.122,4.96,2,104.52,0
synthetic-id48-128,200000,128,euclidean,IVF-Flat,"{""nlist"": 1024}",3,10,0,0.467,0.467,0.19061,300,0.0544,0.0937,4.96,2,104.52,1
synthetic-id48-128,200000,128,euclidean,IVF-Flat,"{""nlist"": 1024}",3,10,0,0.467,0.467,0.19061,300,0.0532,0.0903,4.96,2,104.52,2
synthetic-id48-128,200000,128,euclidean,IVF-Flat,"{""nlist"": 1024}",4,10,0,0.54767,0.54767,0.18765,300,0.0642,0.1043,4.96,2,104.52,0
synthetic-id48-128,200000,128,euclidean,IVF-Flat,"{""nlist"": 1024}",4,10,0,0.54767,0.54767,0.18765,300,0.0655,0.1112,4.96,2,104.52,1
synthetic-id48-128,200000,128,euclidean,IVF-Flat,"{""nlist"": 1024}",4,10,0,0.54767,0.54767,0.18765,300,0.0638,0.1118,4.96,2,104.52,2
synthetic-id48-128,200000,128,euclidean,IVF-Flat,"{""nlist"": 1024}",6,10,0,0.669,0.669,0.17976,300,0.1055,0.1481,4.96,2,104.52,0
synthetic-id48-128,200000,128,euclidean,IVF-Flat,"{""nlist"": 1024}",6,10,0,0.669,0.669,0.17976,300,0.1129,0.1595,4.96,2,104.52,1
synthetic-id48-128,200000,128,euclidean,IVF-Flat,"{""nlist"": 1024}",6,10,0,0.669,0.669,0.17976,300,0.1124,0.1515,4.96,2,104.52,2
synthetic-id48-128,200000,128,euclidean,IVF-Flat,"{""nlist"": 1024}",8,10,0,0.74833,0.74833,0.16387,300,0.1227,0.1798,4.96,2,104.52,0
synthetic-id48-128,200000,128,euclidean,IVF-Flat,"{""nlist"": 1024}",8,10,0,0.74833,0.74833,0.16387,300,0.1131,0.1732,4.96,2,104.52,1
synthetic-id48-128,200000,128,euclidean,IVF-Flat,"{""nlist"": 1024}",8,10,0,0.74833,0.74833,0.16387,300,0.1092,0.1615,4.96,2,104.52,2
synthetic-id48-128,200000,128,euclidean,IVF-Flat,"{""nlist"": 1024}",12,10,0,0.843,0.843,0.13557,300,0.1486,0.2121,4.96,2,104.52,0
synthetic-id48-128,200000,128,euclidean,IVF-Flat,"{""nlist"": 1024}",12,10,0,0.843,0.843,0.13557,300,0.1539,0.2212,4.96,2,104.52,1
synthetic-id48-128,200000,128,euclidean,IVF-Flat,"{""nlist"": 1024}",12,10,0,0.843,0.843,0.13557,300,0.149,0.2405,4.96,2,104.52,2
synthetic-id48-128,200000,128,euclidean,IVF-Flat,"{""nlist"": 1024}",16,10,0,0.907,0.907,0.10562,300,0.2093,0.3021,4.96,2,104.52,0
synthetic-id48-128,200000,128,euclidean,IVF-Flat,"{""nlist"": 1024}",16,10,0,0.907,0.907,0.10562,300,0.1998,0.2664,4.96,2,104.52,1
synthetic-id48-128,200000,128,euclidean,IVF-Flat,"{""nlist"": 1024}",16,10,0,0.907,0.907,0.10562,300,0.206,0.293,4.96,2,104.52,2
synthetic-id48-128,200000,128,euclidean,IVF-Flat,"{""nlist"": 1024}",24,10,0,0.96733,0.96733,0.0584,300,0.2935,0.3951,4.96,2,104.52,0
synthetic-id48-128,200000,128,euclidean,IVF-Flat,"{""nlist"": 1024}",24,10,0,0.96733,0.96733,0.0584,300,0.305,0.4314,4.96,2,104.52,1
synthetic-id48-128,200000,128,euclidean,IVF-Flat,"{""nlist"": 1024}",24,10,0,0.96733,0.96733,0.0584,300,0.2858,0.4027,4.96,2,104.52,2
synthetic-id48-128,200000,128,euclidean,IVF-Flat,"{""nlist"": 1024}",32,10,0,0.99033,0.99033,0.0296,300,0.3707,0.5322,4.96,2,104.52,0
synthetic-id48-128,200000,128,euclidean,IVF-Flat,"{""nlist"": 1024}",32,10,0,0.99033,0.99033,0.0296,300,0.3667,0.4731,4.96,2,104.52,1
synthetic-id48-128,200000,128,euclidean,IVF-Flat,"{""nlist"": 1024}",32,10,0,0.99033,0.99033,0.0296,300,0.3894,0.5148,4.96,2,104.52,2
synthetic-id48-128,200000,128,euclidean,IVF-Flat,"{""nlist"": 1024}",48,10,0,1.0,1.0,0.0,300,0.5434,0.665,4.96,2,104.52,0
synthetic-id48-128,200000,128,euclidean,IVF-Flat,"{""nlist"": 1024}",48,10,0,1.0,1.0,0.0,300,0.5383,0.7417,4.96,2,104.52,1
synthetic-id48-128,200000,128,euclidean,IVF-Flat,"{""nlist"": 1024}",48,10,0,1.0,1.0,0.0,300,0.5477,0.6927,4.96,2,104.52,2
synthetic-id48-128,200000,128,euclidean,IVF-Flat,"{""nlist"": 1024}",64,10,0,1.0,1.0,0.0,300,0.7178,0.871,4.96,2,104.52,0
synthetic-id48-128,200000,128,euclidean,IVF-Flat,"{""nlist"": 1024}",64,10,0,1.0,1.0,0.0,300,0.7219,0.895,4.96,2,104.52,1
synthetic-id48-128,200000,128,euclidean,IVF-Flat,"{""nlist"": 1024}",64,10,0,1.0,1.0,0.0,300,0.6917,0.8474,4.96,2,104.52,2
synthetic-id48-128,200000,128,euclidean,IVF-Flat,"{""nlist"": 1024}",96,10,0,1.0,1.0,0.0,300,1.0039,1.1865,4.96,2,104.52,0
synthetic-id48-128,200000,128,euclidean,IVF-Flat,"{""nlist"": 1024}",96,10,0,1.0,1.0,0.0,300,1.0388,1.2181,4.96,2,104.52,1
synthetic-id48-128,200000,128,euclidean,IVF-Flat,"{""nlist"": 1024}",96,10,0,1.0,1.0,0.0,300,1.0011,1.1688,4.96,2,104.52,2
synthetic-id48-128,200000,128,euclidean,IVF-Flat,"{""nlist"": 1024}",128,10,0,1.0,1.0,0.0,300,1.328,1.5153,4.96,2,104.52,0
synthetic-id48-128,200000,128,euclidean,IVF-Flat,"{""nlist"": 1024}",128,10,0,1.0,1.0,0.0,300,1.4247,1.7639,4.96,2,104.52,1
synthetic-id48-128,200000,128,euclidean,IVF-Flat,"{""nlist"": 1024}",128,10,0,1.0,1.0,0.0,300,1.3881,1.6957,4.96,2,104.52,2
synthetic-id48-128,200000,128,euclidean,IVF-Flat,"{""nlist"": 1024}",192,10,0,1.0,1.0,0.0,300,1.9909,2.2743,4.96,2,104.52,0
synthetic-id48-128,200000,128,euclidean,IVF-Flat,"{""nlist"": 1024}",192,10,0,1.0,1.0,0.0,300,1.961,2.3293,4.96,2,104.52,1
synthetic-id48-128,200000,128,euclidean,IVF-Flat,"{""nlist"": 1024}",192,10,0,1.0,1.0,0.0,300,1.9871,2.4846,4.96,2,104.52,2
synthetic-id48-128,200000,128,euclidean,IVF-Flat,"{""nlist"": 1024}",256,10,0,1.0,1.0,0.0,300,2.6152,3.033,4.96,2,104.52,0
synthetic-id48-128,200000,128,euclidean,IVF-Flat,"{""nlist"": 1024}",256,10,0,1.0,1.0,0.0,300,2.762,3.3895,4.96,2,104.52,1
synthetic-id48-128,200000,128,euclidean,IVF-Flat,"{""nlist"": 1024}",256,10,0,1.0,1.0,0.0,300,2.6577,3.2681,4.96,2,104.52,2
