dataset,n_base,family,query_param,k,recall,latency_ms
fashion-mnist-784-euclidean,60000,HNSW,10,10,0.93067,0.0863
fashion-mnist-784-euclidean,60000,HNSW,12,10,0.95433,0.09443333333333333
fashion-mnist-784-euclidean,60000,HNSW,16,10,0.972,0.11666666666666665
fashion-mnist-784-euclidean,60000,HNSW,20,10,0.9816699999999999,0.13426666666666667
fashion-mnist-784-euclidean,60000,HNSW,24,10,0.99033,0.1471
fashion-mnist-784-euclidean,60000,HNSW,32,10,0.99433,0.1832666666666667
fashion-mnist-784-euclidean,60000,HNSW,40,10,0.99567,0.21350000000000002
fashion-mnist-784-euclidean,60000,HNSW,48,10,0.99667,0.24116666666666667
fashion-mnist-784-euclidean,60000,HNSW,64,10,0.99767,0.32453333333333334
fashion-mnist-784-euclidean,60000,HNSW,80,10,0.99833,0.35309999999999997
fashion-mnist-784-euclidean,60000,HNSW,96,10,0.99833,0.3922666666666667
fashion-mnist-784-euclidean,60000,HNSW,128,10,0.999,0.47459999999999997
fashion-mnist-784-euclidean,60000,HNSW,160,10,0.999,0.5449
fashion-mnist-784-euclidean,60000,HNSW,192,10,0.999,0.5981333333333333
fashion-mnist-784-euclidean,60000,HNSW,256,10,0.999,0.7751666666666667
fashion-mnist-784-euclidean,60000,HNSW,320,10,0.99933,0.8885
fashion-mnist-784-euclidean,60000,HNSW,384,10,1.0,1.0297999999999998
fashion-mnist-784-euclidean,60000,HNSW,512,10,1.0,1.2351666666666667
fashion-mnist-784-euclidean,60000,HNSW,640,10,1.0,1.4755333333333336
fashion-mnist-784-euclidean,60000,HNSW,768,10,1.0,1.7251
fashion-mnist-784-euclidean,60000,HNSW,1024,10,1.0,2.1221333333333336
fashion-mnist-784-euclidean,60000,IVF-Flat,1,10,0.49967,0.16066666666666665
fashion-mnist-784-euclidean,60000,IVF-Flat,2,10,0.68967,0.18646666666666667
fashion-mnist-784-euclidean,60000,IVF-Flat,3,10,0.8043299999999999,0.20826666666666668
fashion-mnist-784-euclidean,60000,IVF-Flat,4,10,0.86967,0.2396
fashion-mnist-784-euclidean,60000,IVF-Flat,6,10,0.936,0.3007666666666667
fashion-mnist-784-euclidean,60000,IVF-Flat,8,10,0.96267,0.326
fashion-mnist-784-euclidean,60000,IVF-Flat,12,10,0.98267,0.4387666666666667
fashion-mnist-784-euclidean,60000,IVF-Flat,16,10,0.99133,0.5223
fashion-mnist-784-euclidean,60000,IVF-Flat,24,10,0.997,0.6880333333333333
fashion-mnist-784-euclidean,60000,IVF-Flat,32,10,0.99933,0.8928666666666666
fashion-mnist-784-euclidean,60000,IVF-Flat,48,10,0.99967,1.2853666666666665
fashion-mnist-784-euclidean,60000,IVF-Flat,64,10,1.0,1.5768666666666666
fashion-mnist-784-euclidean,60000,IVF-Flat,96,10,1.0,2.1797666666666666
fashion-mnist-784-euclidean,60000,IVF-Flat,128,10,1.0,2.8556333333333335
fashion-mnist-784-euclidean,60000,IVF-Flat,192,10,1.0,4.229433333333334
fashion-mnist-784-euclidean,60000,IVF-Flat,256,10,1.0,5.594566666666666
glove-100-angular,50000,HNSW,10,10,0.56167,0.022266666666666667
glove-100-angular,50000,HNSW,12,10,0.60033,0.024900000000000002
glove-100-angular,50000,HNSW,16,10,0.65233,0.029866666666666666
glove-100-angular,50000,HNSW,20,10,0.68867,0.03466666666666667
glove-100-angular,50000,HNSW,24,10,0.71433,0.03863333333333333
glove-100-angular,50000,HNSW,32,10,0.76233,0.05056666666666667
glove-100-angular,50000,HNSW,40,10,0.79467,0.05586666666666667
glove-100-angular,50000,HNSW,48,10,0.81767,0.06486666666666667
glove-100-angular,50000,HNSW,64,10,0.854,0.08389999999999999
glove-100-angular,50000,HNSW,80,10,0.874,0.1055
glove-100-angular,50000,HNSW,96,10,0.89233,0.1253
glove-100-angular,50000,HNSW,128,10,0.916,0.165
glove-100-angular,50000,HNSW,160,10,0.93633,0.20296666666666666
glove-100-angular,50000,HNSW,192,10,0.94667,0.2672333333333334
glove-100-angular,50000,HNSW,256,10,0.96333,0.34400000000000003
glove-100-angular,50000,HNSW,320,10,0.972,0.44236666666666663
glove-100-angular,50000,HNSW,384,10,0.979,0.4944
glove-100-angular,50000,HNSW,512,10,0.9860000000000001,0.6454000000000001
glove-100-angular,50000,HNSW,640,10,0.99033,0.7673666666666668
glove-100-angular,50000,HNSW,768,10,0.9936700000000002,0.9225666666666666
glove-100-angular,50000,HNSW,1024,10,0.996,1.2093999999999998
glove-100-angular,50000,IVF-Flat,1,10,0.286,0.017333333333333333
glove-100-angular,50000,IVF-Flat,2,10,0.4066699999999999,0.025966666666666666
glove-100-angular,50000,IVF-Flat,3,10,0.4709999999999999,0.028833333333333332
glove-100-angular,50000,IVF-Flat,4,10,0.524,0.024033333333333334
glove-100-angular,50000,IVF-Flat,6,10,0.592,0.028266666666666666
glove-100-angular,50000,IVF-Flat,8,10,0.64067,0.032
glove-100-angular,50000,IVF-Flat,12,10,0.70067,0.038733333333333335
glove-100-angular,50000,IVF-Flat,16,10,0.73333,0.0488
glove-100-angular,50000,IVF-Flat,24,10,0.7846699999999999,0.06783333333333334
glove-100-angular,50000,IVF-Flat,32,10,0.8203299999999999,0.08353333333333333
glove-100-angular,50000,IVF-Flat,48,10,0.86967,0.12023333333333334
glove-100-angular,50000,IVF-Flat,64,10,0.8969999999999999,0.17446666666666666
glove-100-angular,50000,IVF-Flat,96,10,0.927,0.2549666666666667
glove-100-angular,50000,IVF-Flat,128,10,0.9460000000000001,0.2764666666666667
glove-100-angular,50000,IVF-Flat,192,10,0.965,0.3733666666666667
glove-100-angular,50000,IVF-Flat,256,10,0.9819999999999999,0.48336666666666667
glove-100-angular,100000,HNSW,10,10,0.535,0.04816666666666667
glove-100-angular,100000,HNSW,12,10,0.567,0.0383
glove-100-angular,100000,HNSW,16,10,0.61633,0.03643333333333334
glove-100-angular,100000,HNSW,20,10,0.65233,0.04123333333333334
glove-100-angular,100000,HNSW,24,10,0.6793299999999999,0.04953333333333334
glove-100-angular,100000,HNSW,32,10,0.73,0.06743333333333333
glove-100-angular,100000,HNSW,40,10,0.76233,0.07973333333333334
glove-100-angular,100000,HNSW,48,10,0.79467,0.09803333333333335
glove-100-angular,100000,HNSW,64,10,0.8290000000000001,0.1311
glove-100-angular,100000,HNSW,80,10,0.858,0.1513
glove-100-angular,100000,HNSW,96,10,0.87333,0.16593333333333335
glove-100-angular,100000,HNSW,128,10,0.9010000000000001,0.22476666666666667
glove-100-angular,100000,HNSW,160,10,0.92,0.2813333333333333
glove-100-angular,100000,HNSW,192,10,0.9330000000000002,0.3316666666666667
glove-100-angular,100000,HNSW,256,10,0.95133,0.42186666666666667
glove-100-angular,100000,HNSW,320,10,0.96067,0.5962333333333333
glove-100-angular,100000,HNSW,384,10,0.97067,0.7094333333333332
glove-100-angular,100000,HNSW,512,10,0.9813300000000001,0.9255333333333334
glove-100-angular,100000,HNSW,640,10,0.9893300000000002,1.1375666666666666
glove-100-angular,100000,HNSW,768,10,0.99033,1.3202
glove-100-angular,100000,HNSW,1024,10,0.99433,1.6780666666666668
glove-100-angular,100000,IVF-Flat,1,10,0.30567,0.02
glove-100-angular,100000,IVF-Flat,2,10,0.41633000000000003,0.025466666666666665
glove-100-angular,100000,IVF-Flat,3,10,0.48900000000000005,0.0296
glove-100-angular,100000,IVF-Flat,4,10,0.53,0.03326666666666667
glove-100-angular,100000,IVF-Flat,6,10,0.59033,0.04793333333333333
glove-100-angular,100000,IVF-Flat,8,10,0.63433,0.055600000000000004
glove-100-angular,100000,IVF-Flat,12,10,0.70067,0.07673333333333333
glove-100-angular,100000,IVF-Flat,16,10,0.742,0.0851
glove-100-angular,100000,IVF-Flat,24,10,0.7879999999999999,0.1171
glove-100-angular,100000,IVF-Flat,32,10,0.81933,0.15723333333333334
glove-100-angular,100000,IVF-Flat,48,10,0.86767,0.24040000000000003
glove-100-angular,100000,IVF-Flat,64,10,0.89433,0.29550000000000004
glove-100-angular,100000,IVF-Flat,96,10,0.9293299999999999,0.36286666666666667
glove-100-angular,100000,IVF-Flat,128,10,0.952,0.4953666666666667
glove-100-angular,100000,IVF-Flat,192,10,0.97167,0.7501333333333333
glove-100-angular,100000,IVF-Flat,256,10,0.9813300000000001,0.7524666666666667
glove-100-angular,200000,HNSW,10,10,0.503,0.036366666666666665
glove-100-angular,200000,HNSW,12,10,0.53633,0.04016666666666666
glove-100-angular,200000,HNSW,16,10,0.59367,0.05006666666666667
glove-100-angular,200000,HNSW,20,10,0.63,0.058633333333333336
glove-100-angular,200000,HNSW,24,10,0.66533,0.06876666666666667
glove-100-angular,200000,HNSW,32,10,0.71033,0.08353333333333333
glove-100-angular,200000,HNSW,40,10,0.74467,0.11563333333333332
glove-100-angular,200000,HNSW,48,10,0.7719999999999999,0.1283
glove-100-angular,200000,HNSW,64,10,0.8083300000000001,0.15416666666666667
glove-100-angular,200000,HNSW,80,10,0.834,0.19826666666666667
glove-100-angular,200000,HNSW,96,10,0.85133,0.23136666666666664
glove-100-angular,200000,HNSW,128,10,0.87433,0.3747666666666667
glove-100-angular,200000,HNSW,160,10,0.89033,0.3511666666666667
glove-100-angular,200000,HNSW,192,10,0.90333,0.44883333333333336
glove-100-angular,200000,HNSW,256,10,0.92433,0.5448666666666667
glove-100-angular,200000,HNSW,320,10,0.93667,0.6491666666666667
glove-100-angular,200000,HNSW,384,10,0.94833,0.7800333333333334
glove-100-angular,200000,HNSW,512,10,0.961,0.9517333333333333
glove-100-angular,200000,HNSW,640,10,0.972,1.1782666666666666
glove-100-angular,200000,HNSW,768,10,0.979,1.4423666666666666
glove-100-angular,200000,HNSW,1024,10,0.98433,1.944
glove-100-angular,200000,IVF-Flat,1,10,0.3353300000000001,0.02526666666666667
glove-100-angular,200000,IVF-Flat,2,10,0.45767,0.0358
glove-100-angular,200000,IVF-Flat,3,10,0.52933,0.046066666666666665
glove-100-angular,200000,IVF-Flat,4,10,0.579,0.05073333333333333
glove-100-angular,200000,IVF-Flat,6,10,0.64267,0.0752
glove-100-angular,200000,IVF-Flat,8,10,0.681,0.09970000000000001
glove-100-angular,200000,IVF-Flat,12,10,0.7316699999999999,0.1174
glove-100-angular,200000,IVF-Flat,16,10,0.77033,0.1648666666666667
glove-100-angular,200000,IVF-Flat,24,10,0.816,0.23596666666666666
glove-100-angular,200000,IVF-Flat,32,10,0.84567,0.27776666666666666
glove-100-angular,200000,IVF-Flat,48,10,0.8856699999999998,0.3776
glove-100-angular,200000,IVF-Flat,64,10,0.907,0.5318333333333333
glove-100-angular,200000,IVF-Flat,96,10,0.93667,0.8171666666666667
glove-100-angular,200000,IVF-Flat,128,10,0.9573300000000001,1.0788666666666666
glove-100-angular,200000,IVF-Flat,192,10,0.9776700000000002,1.6232333333333333
glove-100-angular,200000,IVF-Flat,256,10,0.9860000000000001,2.0902
glove-100-angular,500000,HNSW,10,10,0.458,0.0476
glove-100-angular,500000,HNSW,12,10,0.49099999999999994,0.054333333333333324
glove-100-angular,500000,HNSW,16,10,0.54733,0.06786666666666667
glove-100-angular,500000,HNSW,20,10,0.59333,0.08066666666666666
glove-100-angular,500000,HNSW,24,10,0.627,0.09326666666666666
glove-100-angular,500000,HNSW,32,10,0.68,0.11356666666666666
glove-100-angular,500000,HNSW,40,10,0.719,0.13636666666666666
glove-100-angular,500000,HNSW,48,10,0.7399999999999999,0.15263333333333334
glove-100-angular,500000,HNSW,64,10,0.7683300000000001,0.1987
glove-100-angular,500000,HNSW,80,10,0.8000000000000002,0.23303333333333334
glove-100-angular,500000,HNSW,96,10,0.81867,0.2884333333333333
glove-100-angular,500000,HNSW,128,10,0.84667,0.3748
glove-100-angular,500000,HNSW,160,10,0.8649999999999999,0.46536666666666665
glove-100-angular,500000,HNSW,192,10,0.88467,0.4896666666666667
glove-100-angular,500000,HNSW,256,10,0.9053299999999999,0.7072666666666666
glove-100-angular,500000,HNSW,320,10,0.91933,0.8662666666666666
glove-100-angular,500000,HNSW,384,10,0.92867,1.0237
glove-100-angular,500000,HNSW,512,10,0.94433,1.4025999999999998
glove-100-angular,500000,HNSW,640,10,0.952,1.5599
glove-100-angular,500000,HNSW,768,10,0.95933,1.8874666666666666
glove-100-angular,500000,HNSW,1024,10,0.97233,2.4446333333333334
glove-100-angular,500000,IVF-Flat,1,10,0.36433,0.0474
glove-100-angular,500000,IVF-Flat,2,10,0.5,0.07590000000000001
glove-100-angular,500000,IVF-Flat,3,10,0.566,0.10513333333333334
glove-100-angular,500000,IVF-Flat,4,10,0.62133,0.13956666666666664
glove-100-angular,500000,IVF-Flat,6,10,0.6836699999999999,0.20220000000000002
glove-100-angular,500000,IVF-Flat,8,10,0.72867,0.24823333333333333
glove-100-angular,500000,IVF-Flat,12,10,0.77333,0.34236666666666665
glove-100-angular,500000,IVF-Flat,16,10,0.805,0.45036666666666664
glove-100-angular,500000,IVF-Flat,24,10,0.84767,0.6378666666666667
glove-100-angular,500000,IVF-Flat,32,10,0.8729999999999999,0.8305666666666666
glove-100-angular,500000,IVF-Flat,48,10,0.9096699999999999,1.2922666666666667
glove-100-angular,500000,IVF-Flat,64,10,0.93033,1.6981666666666666
glove-100-angular,500000,IVF-Flat,96,10,0.952,2.4661
glove-100-angular,500000,IVF-Flat,128,10,0.967,3.2934666666666668
glove-100-angular,500000,IVF-Flat,192,10,0.98067,4.7664333333333335
glove-100-angular,500000,IVF-Flat,256,10,0.98867,6.289033333333333
glove-100-angular,1183514,HNSW,10,10,0.46367,0.054733333333333335
glove-100-angular,1183514,HNSW,12,10,0.5,0.0589
glove-100-angular,1183514,HNSW,16,10,0.53367,0.06946666666666666
glove-100-angular,1183514,HNSW,20,10,0.58167,0.08266666666666667
glove-100-angular,1183514,HNSW,24,10,0.61467,0.09533333333333333
glove-100-angular,1183514,HNSW,32,10,0.65867,0.119
glove-100-angular,1183514,HNSW,40,10,0.6953299999999999,0.14433333333333334
glove-100-angular,1183514,HNSW,48,10,0.7276700000000002,0.16493333333333335
glove-100-angular,1183514,HNSW,64,10,0.765,0.21736666666666668
glove-100-angular,1183514,HNSW,80,10,0.79333,0.2627333333333333
glove-100-angular,1183514,HNSW,96,10,0.80767,0.41963333333333336
glove-100-angular,1183514,HNSW,128,10,0.835,0.4415
glove-100-angular,1183514,HNSW,160,10,0.852,0.5024000000000001
glove-100-angular,1183514,HNSW,192,10,0.8643300000000002,0.5782666666666666
glove-100-angular,1183514,HNSW,256,10,0.8853300000000001,0.7619333333333334
glove-100-angular,1183514,HNSW,320,10,0.899,0.9394666666666667
glove-100-angular,1183514,HNSW,384,10,0.91,1.1437333333333333
glove-100-angular,1183514,HNSW,512,10,0.9253300000000001,1.5184666666666669
glove-100-angular,1183514,HNSW,640,10,0.93833,1.7674666666666667
glove-100-angular,1183514,HNSW,768,10,0.9453299999999999,1.9623333333333335
glove-100-angular,1183514,HNSW,1024,10,0.956,2.8030333333333335
glove-100-angular,1183514,IVF-Flat,1,10,0.40633,0.08836666666666666
glove-100-angular,1183514,IVF-Flat,2,10,0.535,0.1707
glove-100-angular,1183514,IVF-Flat,3,10,0.60533,0.24126666666666666
glove-100-angular,1183514,IVF-Flat,4,10,0.65167,0.2968
glove-100-angular,1183514,IVF-Flat,6,10,0.7076699999999999,0.47866666666666663
glove-100-angular,1183514,IVF-Flat,8,10,0.7440000000000001,0.5907
glove-100-angular,1183514,IVF-Flat,12,10,0.79,0.8149000000000001
glove-100-angular,1183514,IVF-Flat,16,10,0.8203299999999999,1.0964333333333334
glove-100-angular,1183514,IVF-Flat,24,10,0.85967,1.7035
glove-100-angular,1183514,IVF-Flat,32,10,0.884,2.2775666666666665
glove-100-angular,1183514,IVF-Flat,48,10,0.907,2.9836666666666667
glove-100-angular,1183514,IVF-Flat,64,10,0.92767,4.096966666666667
glove-100-angular,1183514,IVF-Flat,96,10,0.9496699999999999,6.122266666666666
glove-100-angular,1183514,IVF-Flat,128,10,0.96367,7.626166666666666
glove-100-angular,1183514,IVF-Flat,192,10,0.9776700000000002,11.8073
glove-100-angular,1183514,IVF-Flat,256,10,0.9860000000000001,15.551933333333332
glove-25-angular,200000,HNSW,10,10,0.77,0.030533333333333332
glove-25-angular,200000,HNSW,12,10,0.798,0.03216666666666667
glove-25-angular,200000,HNSW,16,10,0.851,0.03783333333333333
glove-25-angular,200000,HNSW,20,10,0.88333,0.045000000000000005
glove-25-angular,200000,HNSW,24,10,0.90667,0.05296666666666666
glove-25-angular,200000,HNSW,32,10,0.93133,0.06616666666666667
glove-25-angular,200000,HNSW,40,10,0.95267,0.07876666666666667
glove-25-angular,200000,HNSW,48,10,0.961,0.09226666666666666
glove-25-angular,200000,HNSW,64,10,0.9780000000000001,0.12430000000000001
glove-25-angular,200000,HNSW,80,10,0.9853299999999999,0.15023333333333333
glove-25-angular,200000,HNSW,96,10,0.98767,0.1756333333333333
glove-25-angular,200000,HNSW,128,10,0.9936700000000002,0.2206
glove-25-angular,200000,HNSW,160,10,0.99533,0.2478
glove-25-angular,200000,HNSW,192,10,0.9973300000000002,0.32343333333333335
glove-25-angular,200000,HNSW,256,10,0.9986700000000001,0.40243333333333337
glove-25-angular,200000,HNSW,320,10,0.999,0.4877666666666667
glove-25-angular,200000,HNSW,384,10,1.0,0.6439
glove-25-angular,200000,HNSW,512,10,1.0,0.7471
glove-25-angular,200000,HNSW,640,10,1.0,0.9785
glove-25-angular,200000,HNSW,768,10,1.0,1.0834
glove-25-angular,200000,HNSW,1024,10,1.0,1.423
glove-25-angular,200000,IVF-Flat,1,10,0.408,0.016200000000000003
glove-25-angular,200000,IVF-Flat,2,10,0.553,0.019366666666666667
glove-25-angular,200000,IVF-Flat,3,10,0.63367,0.02206666666666667
glove-25-angular,200000,IVF-Flat,4,10,0.693,0.0241
glove-25-angular,200000,IVF-Flat,6,10,0.75933,0.0299
glove-25-angular,200000,IVF-Flat,8,10,0.81133,0.0331
glove-25-angular,200000,IVF-Flat,12,10,0.86933,0.044399999999999995
glove-25-angular,200000,IVF-Flat,16,10,0.90367,0.07006666666666667
glove-25-angular,200000,IVF-Flat,24,10,0.9376700000000001,0.122
glove-25-angular,200000,IVF-Flat,32,10,0.9613299999999999,0.10113333333333334
glove-25-angular,200000,IVF-Flat,48,10,0.979,0.1717
glove-25-angular,200000,IVF-Flat,64,10,0.9856700000000002,0.19593333333333332
glove-25-angular,200000,IVF-Flat,96,10,0.99467,0.31653333333333333
glove-25-angular,200000,IVF-Flat,128,10,0.9973300000000002,0.3017
glove-25-angular,200000,IVF-Flat,192,10,0.9986700000000001,0.4907333333333333
glove-25-angular,200000,IVF-Flat,256,10,1.0,0.6770999999999999
mnist-784-euclidean,60000,HNSW,10,10,0.9289999999999999,0.08573333333333333
mnist-784-euclidean,60000,HNSW,12,10,0.94333,0.10483333333333333
mnist-784-euclidean,60000,HNSW,16,10,0.96467,0.12333333333333334
mnist-784-euclidean,60000,HNSW,20,10,0.9739999999999999,0.15876666666666667
mnist-784-euclidean,60000,HNSW,24,10,0.98067,0.16493333333333335
mnist-784-euclidean,60000,HNSW,32,10,0.987,0.20516666666666664
mnist-784-euclidean,60000,HNSW,40,10,0.99133,0.23750000000000002
mnist-784-euclidean,60000,HNSW,48,10,0.99533,0.26376666666666665
mnist-784-euclidean,60000,HNSW,64,10,0.99767,0.3217666666666667
mnist-784-euclidean,60000,HNSW,80,10,0.99767,0.37999999999999995
mnist-784-euclidean,60000,HNSW,96,10,0.99833,0.4463
mnist-784-euclidean,60000,HNSW,128,10,0.9986700000000001,0.5328333333333334
mnist-784-euclidean,60000,HNSW,160,10,0.99933,0.6472
mnist-784-euclidean,60000,HNSW,192,10,0.99933,0.7383666666666667
mnist-784-euclidean,60000,HNSW,256,10,0.99967,0.9385333333333333
mnist-784-euclidean,60000,HNSW,320,10,1.0,1.1361999999999999
mnist-784-euclidean,60000,HNSW,384,10,1.0,1.3454
mnist-784-euclidean,60000,HNSW,512,10,1.0,1.5386333333333333
mnist-784-euclidean,60000,HNSW,640,10,1.0,1.8739333333333335
mnist-784-euclidean,60000,HNSW,768,10,1.0,2.246233333333333
mnist-784-euclidean,60000,HNSW,1024,10,1.0,2.8305000000000002
mnist-784-euclidean,60000,IVF-Flat,1,10,0.46667,0.15213333333333334
mnist-784-euclidean,60000,IVF-Flat,2,10,0.64867,0.17273333333333332
mnist-784-euclidean,60000,IVF-Flat,3,10,0.761,0.20093333333333332
mnist-784-euclidean,60000,IVF-Flat,4,10,0.8169999999999998,0.20363333333333333
mnist-784-euclidean,60000,IVF-Flat,6,10,0.8856699999999998,0.235
mnist-784-euclidean,60000,IVF-Flat,8,10,0.934,0.27153333333333335
mnist-784-euclidean,60000,IVF-Flat,12,10,0.9653300000000001,0.37556666666666666
mnist-784-euclidean,60000,IVF-Flat,16,10,0.9819999999999999,0.4442333333333333
mnist-784-euclidean,60000,IVF-Flat,24,10,0.988,0.5937666666666667
mnist-784-euclidean,60000,IVF-Flat,32,10,0.99233,0.7435333333333333
mnist-784-euclidean,60000,IVF-Flat,48,10,0.99667,1.0388666666666666
mnist-784-euclidean,60000,IVF-Flat,64,10,0.997,1.2776666666666667
mnist-784-euclidean,60000,IVF-Flat,96,10,0.999,1.7595
mnist-784-euclidean,60000,IVF-Flat,128,10,0.99967,2.365066666666667
mnist-784-euclidean,60000,IVF-Flat,192,10,1.0,3.8585
mnist-784-euclidean,60000,IVF-Flat,256,10,1.0,5.128333333333333
nytimes-256-angular,200000,HNSW,10,10,0.60433,0.0626
nytimes-256-angular,200000,HNSW,12,10,0.65433,0.0729
nytimes-256-angular,200000,HNSW,16,10,0.69367,0.08933333333333333
nytimes-256-angular,200000,HNSW,20,10,0.7313300000000001,0.10506666666666666
nytimes-256-angular,200000,HNSW,24,10,0.763,0.14
nytimes-256-angular,200000,HNSW,32,10,0.79867,0.15673333333333334
nytimes-256-angular,200000,HNSW,40,10,0.8126700000000001,0.17903333333333335
nytimes-256-angular,200000,HNSW,48,10,0.8283299999999999,0.22426666666666664
nytimes-256-angular,200000,HNSW,64,10,0.8523299999999999,0.2877
nytimes-256-angular,200000,HNSW,80,10,0.86133,0.32366666666666666
nytimes-256-angular,200000,HNSW,96,10,0.87667,0.38553333333333334
nytimes-256-angular,200000,HNSW,128,10,0.89267,0.532
nytimes-256-angular,200000,HNSW,160,10,0.9049999999999999,0.6015
nytimes-256-angular,200000,HNSW,192,10,0.91033,0.6866666666666666
nytimes-256-angular,200000,HNSW,256,10,0.92067,0.9228999999999999
nytimes-256-angular,200000,HNSW,320,10,0.9333300000000001,1.0729333333333333
nytimes-256-angular,200000,HNSW,384,10,0.93967,1.2836999999999998
nytimes-256-angular,200000,HNSW,512,10,0.952,1.742
nytimes-256-angular,200000,HNSW,640,10,0.961,2.1986000000000003
nytimes-256-angular,200000,HNSW,768,10,0.9653300000000001,2.6292333333333335
nytimes-256-angular,200000,HNSW,1024,10,0.9736699999999999,3.588433333333333
nytimes-256-angular,200000,IVF-Flat,1,10,0.59233,0.07186666666666668
nytimes-256-angular,200000,IVF-Flat,2,10,0.6673300000000001,0.09976666666666667
nytimes-256-angular,200000,IVF-Flat,3,10,0.70533,0.12
nytimes-256-angular,200000,IVF-Flat,4,10,0.72433,0.14256666666666665
nytimes-256-angular,200000,IVF-Flat,6,10,0.74967,0.1817
nytimes-256-angular,200000,IVF-Flat,8,10,0.76567,0.2263666666666667
nytimes-256-angular,200000,IVF-Flat,12,10,0.78633,0.3186333333333333
nytimes-256-angular,200000,IVF-Flat,16,10,0.80133,0.43356666666666666
nytimes-256-angular,200000,IVF-Flat,24,10,0.8166699999999999,0.5499333333333333
nytimes-256-angular,200000,IVF-Flat,32,10,0.83367,0.7338
nytimes-256-angular,200000,IVF-Flat,48,10,0.8566699999999999,1.0759999999999998
nytimes-256-angular,200000,IVF-Flat,64,10,0.87033,1.4112333333333333
nytimes-256-angular,200000,IVF-Flat,96,10,0.89533,2.0147666666666666
nytimes-256-angular,200000,IVF-Flat,128,10,0.908,2.6475333333333335
nytimes-256-angular,200000,IVF-Flat,192,10,0.93633,4.078066666666667
nytimes-256-angular,200000,IVF-Flat,256,10,0.95133,5.414766666666666
sift-128-euclidean,50000,HNSW,10,10,0.80533,0.0237
sift-128-euclidean,50000,HNSW,12,10,0.8370000000000001,0.024499999999999997
sift-128-euclidean,50000,HNSW,16,10,0.8776699999999998,0.029433333333333336
sift-128-euclidean,50000,HNSW,20,10,0.906,0.0338
sift-128-euclidean,50000,HNSW,24,10,0.9256699999999999,0.0398
sift-128-euclidean,50000,HNSW,32,10,0.959,0.0489
sift-128-euclidean,50000,HNSW,40,10,0.97433,0.0588
sift-128-euclidean,50000,HNSW,48,10,0.9819999999999999,0.0675
sift-128-euclidean,50000,HNSW,64,10,0.9893300000000002,0.0841
sift-128-euclidean,50000,HNSW,80,10,0.9940000000000001,0.10096666666666666
sift-128-euclidean,50000,HNSW,96,10,0.99633,0.12419999999999999
sift-128-euclidean,50000,HNSW,128,10,0.99833,0.16526666666666667
sift-128-euclidean,50000,HNSW,160,10,0.99967,0.26676666666666665
sift-128-euclidean,50000,HNSW,192,10,1.0,0.29386666666666666
sift-128-euclidean,50000,HNSW,256,10,1.0,0.33053333333333335
sift-128-euclidean,50000,HNSW,320,10,1.0,0.39093333333333335
sift-128-euclidean,50000,HNSW,384,10,1.0,0.447
sift-128-euclidean,50000,HNSW,512,10,1.0,0.5875666666666667
sift-128-euclidean,50000,HNSW,640,10,1.0,0.6669666666666666
sift-128-euclidean,50000,HNSW,768,10,1.0,0.7821000000000001
sift-128-euclidean,50000,HNSW,1024,10,1.0,0.9682333333333334
sift-128-euclidean,50000,IVF-Flat,1,10,0.26933,0.019133333333333332
sift-128-euclidean,50000,IVF-Flat,2,10,0.41233000000000003,0.021766666666666667
sift-128-euclidean,50000,IVF-Flat,3,10,0.5,0.025933333333333336
sift-128-euclidean,50000,IVF-Flat,4,10,0.56867,0.026866666666666667
sift-128-euclidean,50000,IVF-Flat,6,10,0.67433,0.03093333333333333
sift-128-euclidean,50000,IVF-Flat,8,10,0.73767,0.034866666666666664
sift-128-euclidean,50000,IVF-Flat,12,10,0.815,0.0483
sift-128-euclidean,50000,IVF-Flat,16,10,0.866,0.057166666666666664
sift-128-euclidean,50000,IVF-Flat,24,10,0.9176699999999999,0.07556666666666667
sift-128-euclidean,50000,IVF-Flat,32,10,0.94633,0.10693333333333334
sift-128-euclidean,50000,IVF-Flat,48,10,0.973,0.19276666666666667
sift-128-euclidean,50000,IVF-Flat,64,10,0.9853299999999999,0.18156666666666665
sift-128-euclidean,50000,IVF-Flat,96,10,0.995,0.258
sift-128-euclidean,50000,IVF-Flat,128,10,0.9986700000000001,0.29636666666666667
sift-128-euclidean,50000,IVF-Flat,192,10,1.0,0.40346666666666664
sift-128-euclidean,50000,IVF-Flat,256,10,1.0,0.4931666666666666
sift-128-euclidean,100000,HNSW,10,10,0.765,0.027833333333333335
sift-128-euclidean,100000,HNSW,12,10,0.801,0.027700000000000002
sift-128-euclidean,100000,HNSW,16,10,0.86133,0.03376666666666667
sift-128-euclidean,100000,HNSW,20,10,0.89567,0.0399
sift-128-euclidean,100000,HNSW,24,10,0.91033,0.0481
sift-128-euclidean,100000,HNSW,32,10,0.943,0.06133333333333333
sift-128-euclidean,100000,HNSW,40,10,0.959,0.0736
sift-128-euclidean,100000,HNSW,48,10,0.97033,0.0881
sift-128-euclidean,100000,HNSW,64,10,0.9856700000000002,0.11903333333333332
sift-128-euclidean,100000,HNSW,80,10,0.993,0.1338
sift-128-euclidean,100000,HNSW,96,10,0.99467,0.17166666666666666
sift-128-euclidean,100000,HNSW,128,10,0.99833,0.21846666666666667
sift-128-euclidean,100000,HNSW,160,10,0.999,0.3189
sift-128-euclidean,100000,HNSW,192,10,0.999,0.35863333333333336
sift-128-euclidean,100000,HNSW,256,10,0.99967,0.44259999999999994
sift-128-euclidean,100000,HNSW,320,10,0.99967,0.5179333333333332
sift-128-euclidean,100000,HNSW,384,10,0.99967,0.5776666666666667
sift-128-euclidean,100000,HNSW,512,10,1.0,0.6727
sift-128-euclidean,100000,HNSW,640,10,1.0,0.7745000000000001
sift-128-euclidean,100000,HNSW,768,10,1.0,1.0132666666666668
sift-128-euclidean,100000,HNSW,1024,10,1.0,1.2454333333333334
sift-128-euclidean,100000,IVF-Flat,1,10,0.289,0.02236666666666667
sift-128-euclidean,100000,IVF-Flat,2,10,0.42133,0.027433333333333334
sift-128-euclidean,100000,IVF-Flat,3,10,0.527,0.032433333333333335
sift-128-euclidean,100000,IVF-Flat,4,10,0.59533,0.03596666666666667
sift-128-euclidean,100000,IVF-Flat,6,10,0.68867,0.0458
sift-128-euclidean,100000,IVF-Flat,8,10,0.75233,0.06126666666666667
sift-128-euclidean,100000,IVF-Flat,12,10,0.8366700000000001,0.0827
sift-128-euclidean,100000,IVF-Flat,16,10,0.87867,0.09826666666666667
sift-128-euclidean,100000,IVF-Flat,24,10,0.932,0.14376666666666668
sift-128-euclidean,100000,IVF-Flat,32,10,0.95833,0.20883333333333334
sift-128-euclidean,100000,IVF-Flat,48,10,0.98267,0.25220000000000004
sift-128-euclidean,100000,IVF-Flat,64,10,0.99167,0.2994333333333334
sift-128-euclidean,100000,IVF-Flat,96,10,0.9979999999999999,0.41809999999999997
sift-128-euclidean,100000,IVF-Flat,128,10,0.99833,0.5129666666666667
sift-128-euclidean,100000,IVF-Flat,192,10,1.0,0.7845666666666666
sift-128-euclidean,100000,IVF-Flat,256,10,1.0,0.8828666666666667
sift-128-euclidean,200000,HNSW,10,10,0.72933,0.04136666666666667
sift-128-euclidean,200000,HNSW,12,10,0.7726700000000001,0.0447
sift-128-euclidean,200000,HNSW,16,10,0.82933,0.05346666666666666
sift-128-euclidean,200000,HNSW,20,10,0.87067,0.06493333333333333
sift-128-euclidean,200000,HNSW,24,10,0.892,0.07563333333333333
sift-128-euclidean,200000,HNSW,32,10,0.92833,0.0968
sift-128-euclidean,200000,HNSW,40,10,0.94867,0.1115
sift-128-euclidean,200000,HNSW,48,10,0.9613299999999999,0.11906666666666667
sift-128-euclidean,200000,HNSW,64,10,0.98,0.15113333333333334
sift-128-euclidean,200000,HNSW,80,10,0.9896699999999999,0.20420000000000002
sift-128-euclidean,200000,HNSW,96,10,0.99467,0.27896666666666664
sift-128-euclidean,200000,HNSW,128,10,0.997,0.36569999999999997
sift-128-euclidean,200000,HNSW,160,10,0.9979999999999999,0.34790000000000004
sift-128-euclidean,200000,HNSW,192,10,0.99833,0.38586666666666664
sift-128-euclidean,200000,HNSW,256,10,0.999,0.47470000000000007
sift-128-euclidean,200000,HNSW,320,10,0.99933,0.6305666666666666
sift-128-euclidean,200000,HNSW,384,10,0.99933,0.7135000000000001
sift-128-euclidean,200000,HNSW,512,10,0.99933,0.9305666666666667
sift-128-euclidean,200000,HNSW,640,10,0.99967,1.1500333333333332
sift-128-euclidean,200000,HNSW,768,10,1.0,1.2924333333333333
sift-128-euclidean,200000,HNSW,1024,10,1.0,1.7274
sift-128-euclidean,200000,IVF-Flat,1,10,0.308,0.030466666666666666
sift-128-euclidean,200000,IVF-Flat,2,10,0.447,0.043966666666666675
sift-128-euclidean,200000,IVF-Flat,3,10,0.56033,0.05329999999999999
sift-128-euclidean,200000,IVF-Flat,4,10,0.62133,0.06753333333333333
sift-128-euclidean,200000,IVF-Flat,6,10,0.7116700000000001,0.09083333333333332
sift-128-euclidean,200000,IVF-Flat,8,10,0.773,0.1123
sift-128-euclidean,200000,IVF-Flat,12,10,0.84233,0.1463
sift-128-euclidean,200000,IVF-Flat,16,10,0.882,0.19236666666666666
sift-128-euclidean,200000,IVF-Flat,24,10,0.93833,0.27140000000000003
sift-128-euclidean,200000,IVF-Flat,32,10,0.967,0.3651
sift-128-euclidean,200000,IVF-Flat,48,10,0.9860000000000001,0.4887666666666666
sift-128-euclidean,200000,IVF-Flat,64,10,0.99267,0.6758666666666667
sift-128-euclidean,200000,IVF-Flat,96,10,0.999,0.9974333333333334
sift-128-euclidean,200000,IVF-Flat,128,10,0.99933,1.3408
sift-128-euclidean,200000,IVF-Flat,192,10,1.0,2.0935
sift-128-euclidean,200000,IVF-Flat,256,10,1.0,2.5856
sift-128-euclidean,500000,HNSW,10,10,0.70067,0.049999999999999996
sift-128-euclidean,500000,HNSW,12,10,0.7360000000000001,0.05243333333333333
sift-128-euclidean,500000,HNSW,16,10,0.794,0.059166666666666666
sift-128-euclidean,500000,HNSW,20,10,0.83833,0.07
sift-128-euclidean,500000,HNSW,24,10,0.86367,0.08813333333333334
sift-128-euclidean,500000,HNSW,32,10,0.90333,0.12186666666666666
sift-128-euclidean,500000,HNSW,40,10,0.92367,0.14
sift-128-euclidean,500000,HNSW,48,10,0.94,0.14946666666666666
sift-128-euclidean,500000,HNSW,64,10,0.9613299999999999,0.1927
sift-128-euclidean,500000,HNSW,80,10,0.9739999999999999,0.2824333333333333
sift-128-euclidean,500000,HNSW,96,10,0.981,0.27909999999999996
sift-128-euclidean,500000,HNSW,128,10,0.987,0.35556666666666664
sift-128-euclidean,500000,HNSW,160,10,0.99133,0.4324333333333333
sift-128-euclidean,500000,HNSW,192,10,0.9933299999999999,0.5051
sift-128-euclidean,500000,HNSW,256,10,0.99767,0.6679666666666666
sift-128-euclidean,500000,HNSW,320,10,0.99833,0.8410000000000001
sift-128-euclidean,500000,HNSW,384,10,0.9986700000000001,0.9892666666666666
sift-128-euclidean,500000,HNSW,512,10,1.0,1.2023333333333335
sift-128-euclidean,500000,HNSW,640,10,1.0,1.4874333333333334
sift-128-euclidean,500000,HNSW,768,10,1.0,1.6784333333333332
sift-128-euclidean,500000,HNSW,1024,10,1.0,2.2789333333333333
sift-128-euclidean,500000,IVF-Flat,1,10,0.333,0.046566666666666666
sift-128-euclidean,500000,IVF-Flat,2,10,0.49099999999999994,0.07429999999999999
sift-128-euclidean,500000,IVF-Flat,3,10,0.585,0.11713333333333333
sift-128-euclidean,500000,IVF-Flat,4,10,0.645,0.1523
sift-128-euclidean,500000,IVF-Flat,6,10,0.74267,0.2705666666666667
sift-128-euclidean,500000,IVF-Flat,8,10,0.799,0.27943333333333337
sift-128-euclidean,500000,IVF-Flat,12,10,0.87167,0.45576666666666665
sift-128-euclidean,500000,IVF-Flat,16,10,0.91033,0.5592333333333334
sift-128-euclidean,500000,IVF-Flat,24,10,0.95133,0.7888666666666667
sift-128-euclidean,500000,IVF-Flat,32,10,0.9700000000000001,0.9331999999999999
sift-128-euclidean,500000,IVF-Flat,48,10,0.9856700000000002,1.4171333333333334
sift-128-euclidean,500000,IVF-Flat,64,10,0.99233,1.8111333333333333
sift-128-euclidean,500000,IVF-Flat,96,10,0.99767,2.6803333333333335
sift-128-euclidean,500000,IVF-Flat,128,10,0.9986700000000001,3.4878666666666667
sift-128-euclidean,500000,IVF-Flat,192,10,0.99967,5.5935
sift-128-euclidean,500000,IVF-Flat,256,10,1.0,7.178066666666666
sift-128-euclidean,1000000,HNSW,10,10,0.68867,0.06033333333333333
sift-128-euclidean,1000000,HNSW,12,10,0.73233,0.0646
sift-128-euclidean,1000000,HNSW,16,10,0.7883299999999999,0.07586666666666668
sift-128-euclidean,1000000,HNSW,20,10,0.8286700000000001,0.09223333333333333
sift-128-euclidean,1000000,HNSW,24,10,0.8526700000000002,0.10496666666666667
sift-128-euclidean,1000000,HNSW,32,10,0.8930000000000001,0.12833333333333333
sift-128-euclidean,1000000,HNSW,40,10,0.919,0.14466666666666667
sift-128-euclidean,1000000,HNSW,48,10,0.93667,0.17863333333333334
sift-128-euclidean,1000000,HNSW,64,10,0.96,0.23770000000000002
sift-128-euclidean,1000000,HNSW,80,10,0.97167,0.2670333333333333
sift-128-euclidean,1000000,HNSW,96,10,0.97867,0.32256666666666667
sift-128-euclidean,1000000,HNSW,128,10,0.9860000000000001,0.43513333333333337
sift-128-euclidean,1000000,HNSW,160,10,0.991,0.5389666666666667
sift-128-euclidean,1000000,HNSW,192,10,0.99433,0.5660333333333333
sift-128-euclidean,1000000,HNSW,256,10,0.9979999999999999,0.7618333333333333
sift-128-euclidean,1000000,HNSW,320,10,0.9986700000000001,0.9255
sift-128-euclidean,1000000,HNSW,384,10,0.99933,1.0739
sift-128-euclidean,1000000,HNSW,512,10,0.99967,1.4113333333333333
sift-128-euclidean,1000000,HNSW,640,10,0.99967,1.7546666666666668
sift-128-euclidean,1000000,HNSW,768,10,0.99967,2.0935
sift-128-euclidean,1000000,HNSW,1024,10,1.0,2.6575333333333333
sift-128-euclidean,1000000,IVF-Flat,1,10,0.342,0.09046666666666668
sift-128-euclidean,1000000,IVF-Flat,2,10,0.51067,0.1521
sift-128-euclidean,1000000,IVF-Flat,3,10,0.61467,0.20299999999999999
sift-128-euclidean,1000000,IVF-Flat,4,10,0.676,0.2906666666666667
sift-128-euclidean,1000000,IVF-Flat,6,10,0.7766699999999999,0.43293333333333334
sift-128-euclidean,1000000,IVF-Flat,8,10,0.82333,0.5518666666666667
sift-128-euclidean,1000000,IVF-Flat,12,10,0.888,0.7851666666666667
sift-128-euclidean,1000000,IVF-Flat,16,10,0.92033,0.9609
sift-128-euclidean,1000000,IVF-Flat,24,10,0.95567,1.5365
sift-128-euclidean,1000000,IVF-Flat,32,10,0.976,1.9773333333333334
sift-128-euclidean,1000000,IVF-Flat,48,10,0.9893300000000002,2.9123666666666668
sift-128-euclidean,1000000,IVF-Flat,64,10,0.99633,3.6822
sift-128-euclidean,1000000,IVF-Flat,96,10,0.99933,5.5926
sift-128-euclidean,1000000,IVF-Flat,128,10,1.0,7.512533333333334
sift-128-euclidean,1000000,IVF-Flat,192,10,1.0,11.323599999999999
sift-128-euclidean,1000000,IVF-Flat,256,10,1.0,14.590966666666667
synthetic-id16-128,200000,HNSW,10,10,0.84233,0.03443333333333334
synthetic-id16-128,200000,HNSW,12,10,0.878,0.036833333333333336
synthetic-id16-128,200000,HNSW,16,10,0.93233,0.04623333333333333
synthetic-id16-128,200000,HNSW,20,10,0.9533299999999999,0.054433333333333334
synthetic-id16-128,200000,HNSW,24,10,0.971,0.07706666666666667
synthetic-id16-128,200000,HNSW,32,10,0.9860000000000001,0.0743
synthetic-id16-128,200000,HNSW,40,10,0.993,0.08816666666666667
synthetic-id16-128,200000,HNSW,48,10,0.99567,0.09973333333333334
synthetic-id16-128,200000,HNSW,64,10,0.9986700000000001,0.12639999999999998
synthetic-id16-128,200000,HNSW,80,10,0.99933,0.15043333333333334
synthetic-id16-128,200000,HNSW,96,10,0.99967,0.18989999999999999
synthetic-id16-128,200000,HNSW,128,10,0.99967,0.24366666666666667
synthetic-id16-128,200000,HNSW,160,10,1.0,0.29516666666666663
synthetic-id16-128,200000,HNSW,192,10,1.0,0.3380666666666667
synthetic-id16-128,200000,HNSW,256,10,1.0,0.42123333333333335
synthetic-id16-128,200000,HNSW,320,10,1.0,0.5153
synthetic-id16-128,200000,HNSW,384,10,1.0,0.6059666666666667
synthetic-id16-128,200000,HNSW,512,10,1.0,0.7442000000000001
synthetic-id16-128,200000,HNSW,640,10,1.0,0.8318
synthetic-id16-128,200000,HNSW,768,10,1.0,0.9623333333333334
synthetic-id16-128,200000,HNSW,1024,10,1.0,1.2286666666666666
synthetic-id16-128,200000,IVF-Flat,1,10,0.34400000000000003,0.030300000000000004
synthetic-id16-128,200000,IVF-Flat,2,10,0.52833,0.043233333333333325
synthetic-id16-128,200000,IVF-Flat,3,10,0.64167,0.055933333333333335
synthetic-id16-128,200000,IVF-Flat,4,10,0.7200000000000001,0.06486666666666667
synthetic-id16-128,200000,IVF-Flat,6,10,0.83567,0.0866
synthetic-id16-128,200000,IVF-Flat,8,10,0.895,0.11956666666666667
synthetic-id16-128,200000,IVF-Flat,12,10,0.95167,0.15416666666666665
synthetic-id16-128,200000,IVF-Flat,16,10,0.97867,0.2066
synthetic-id16-128,200000,IVF-Flat,24,10,0.99533,0.2687333333333333
synthetic-id16-128,200000,IVF-Flat,32,10,0.99933,0.36493333333333333
synthetic-id16-128,200000,IVF-Flat,48,10,1.0,0.515
synthetic-id16-128,200000,IVF-Flat,64,10,1.0,0.7026333333333333
synthetic-id16-128,200000,IVF-Flat,96,10,1.0,1.0181
synthetic-id16-128,200000,IVF-Flat,128,10,1.0,1.3555666666666666
synthetic-id16-128,200000,IVF-Flat,192,10,1.0,2.024
synthetic-id16-128,200000,IVF-Flat,256,10,1.0,2.6047333333333333
synthetic-id24-128,200000,HNSW,10,10,0.761,0.04066666666666666
synthetic-id24-128,200000,HNSW,12,10,0.80167,0.044733333333333326
synthetic-id24-128,200000,HNSW,16,10,0.86,0.05406666666666667
synthetic-id24-128,200000,HNSW,20,10,0.898,0.062299999999999994
synthetic-id24-128,200000,HNSW,24,10,0.92333,0.0716
synthetic-id24-128,200000,HNSW,32,10,0.957,0.08739999999999999
synthetic-id24-128,200000,HNSW,40,10,0.9700000000000001,0.10546666666666667
synthetic-id24-128,200000,HNSW,48,10,0.9819999999999999,0.16036666666666666
synthetic-id24-128,200000,HNSW,64,10,0.991,0.148
synthetic-id24-128,200000,HNSW,80,10,0.99533,0.18146666666666667
synthetic-id24-128,200000,HNSW,96,10,0.99833,0.21256666666666665
synthetic-id24-128,200000,HNSW,128,10,0.99933,0.27286666666666665
synthetic-id24-128,200000,HNSW,160,10,0.99967,0.31606666666666666
synthetic-id24-128,200000,HNSW,192,10,0.99967,0.367
synthetic-id24-128,200000,HNSW,256,10,1.0,0.44926666666666665
synthetic-id24-128,200000,HNSW,320,10,1.0,0.5499333333333333
synthetic-id24-128,200000,HNSW,384,10,1.0,0.6505333333333333
synthetic-id24-128,200000,HNSW,512,10,1.0,0.8372999999999999
synthetic-id24-128,200000,HNSW,640,10,1.0,1.0121333333333333
synthetic-id24-128,200000,HNSW,768,10,1.0,1.0717333333333334
synthetic-id24-128,200000,HNSW,1024,10,1.0,1.3304666666666667
synthetic-id24-128,200000,IVF-Flat,1,10,0.28667,0.031566666666666666
synthetic-id24-128,200000,IVF-Flat,2,10,0.448,0.0429
synthetic-id24-128,200000,IVF-Flat,3,10,0.56633,0.0535
synthetic-id24-128,200000,IVF-Flat,4,10,0.65433,0.06633333333333334
synthetic-id24-128,200000,IVF-Flat,6,10,0.77033,0.09023333333333333
synthetic-id24-128,200000,IVF-Flat,8,10,0.84667,0.11220000000000001
synthetic-id24-128,200000,IVF-Flat,12,10,0.92067,0.18613333333333335
synthetic-id24-128,200000,IVF-Flat,16,10,0.96067,0.22413333333333332
synthetic-id24-128,200000,IVF-Flat,24,10,0.987,0.30516666666666664
synthetic-id24-128,200000,IVF-Flat,32,10,0.997,0.4011
synthetic-id24-128,200000,IVF-Flat,48,10,1.0,0.5638
synthetic-id24-128,200000,IVF-Flat,64,10,1.0,0.6708666666666666
synthetic-id24-128,200000,IVF-Flat,96,10,1.0,0.9891333333333332
synthetic-id24-128,200000,IVF-Flat,128,10,1.0,1.3522666666666667
synthetic-id24-128,200000,IVF-Flat,192,10,1.0,1.8860666666666666
synthetic-id24-128,200000,IVF-Flat,256,10,1.0,2.5660000000000003
synthetic-id32-128,200000,HNSW,10,10,0.7073300000000001,0.040233333333333336
synthetic-id32-128,200000,HNSW,12,10,0.75867,0.047599999999999996
synthetic-id32-128,200000,HNSW,16,10,0.81767,0.05463333333333333
synthetic-id32-128,200000,HNSW,20,10,0.8569999999999999,0.08646666666666668
synthetic-id32-128,200000,HNSW,24,10,0.888,0.08116666666666666
synthetic-id32-128,200000,HNSW,32,10,0.9330000000000002,0.08946666666666668
synthetic-id32-128,200000,HNSW,40,10,0.956,0.10510000000000001
synthetic-id32-128,200000,HNSW,48,10,0.971,0.12146666666666667
synthetic-id32-128,200000,HNSW,64,10,0.988,0.15376666666666666
synthetic-id32-128,200000,HNSW,80,10,0.99433,0.18583333333333332
synthetic-id32-128,200000,HNSW,96,10,0.9979999999999999,0.21843333333333334
synthetic-id32-128,200000,HNSW,128,10,0.99967,0.28246666666666664
synthetic-id32-128,200000,HNSW,160,10,1.0,0.3386
synthetic-id32-128,200000,HNSW,192,10,1.0,0.3886
synthetic-id32-128,200000,HNSW,256,10,1.0,0.5122
synthetic-id32-128,200000,HNSW,320,10,1.0,0.5868000000000001
synthetic-id32-128,200000,HNSW,384,10,1.0,0.6717666666666666
synthetic-id32-128,200000,HNSW,512,10,1.0,0.8001999999999999
synthetic-id32-128,200000,HNSW,640,10,1.0,0.9933666666666666
synthetic-id32-128,200000,HNSW,768,10,1.0,1.1156
synthetic-id32-128,200000,HNSW,1024,10,1.0,1.375333333333333
synthetic-id32-128,200000,IVF-Flat,1,10,0.273,0.0332
synthetic-id32-128,200000,IVF-Flat,2,10,0.42666999999999994,0.0452
synthetic-id32-128,200000,IVF-Flat,3,10,0.535,0.0555
synthetic-id32-128,200000,IVF-Flat,4,10,0.61567,0.068
synthetic-id32-128,200000,IVF-Flat,6,10,0.71867,0.08796666666666668
synthetic-id32-128,200000,IVF-Flat,8,10,0.79567,0.13056666666666666
synthetic-id32-128,200000,IVF-Flat,12,10,0.89033,0.17203333333333334
synthetic-id32-128,200000,IVF-Flat,16,10,0.939,0.20620000000000002
synthetic-id32-128,200000,IVF-Flat,24,10,0.9813300000000001,0.28119999999999995
synthetic-id32-128,200000,IVF-Flat,32,10,0.9936700000000002,0.38786666666666664
synthetic-id32-128,200000,IVF-Flat,48,10,0.99967,0.5373333333333333
synthetic-id32-128,200000,IVF-Flat,64,10,1.0,0.7390333333333334
synthetic-id32-128,200000,IVF-Flat,96,10,1.0,1.0701
synthetic-id32-128,200000,IVF-Flat,128,10,1.0,1.3390666666666666
synthetic-id32-128,200000,IVF-Flat,192,10,1.0,1.9875666666666667
synthetic-id32-128,200000,IVF-Flat,256,10,1.0,2.6183
synthetic-id4-128,200000,HNSW,10,10,0.99667,0.019733333333333335
synthetic-id4-128,200000,HNSW,12,10,0.99833,0.021466666666666665
synthetic-id4-128,200000,HNSW,16,10,0.99967,0.024300000000000002
synthetic-id4-128,200000,HNSW,20,10,1.0,0.029733333333333334
synthetic-id4-128,200000,HNSW,24,10,1.0,0.03206666666666667
synthetic-id4-128,200000,HNSW,32,10,1.0,0.039700000000000006
synthetic-id4-128,200000,HNSW,40,10,1.0,0.05096666666666667
synthetic-id4-128,200000,HNSW,48,10,1.0,0.05123333333333333
synthetic-id4-128,200000,HNSW,64,10,1.0,0.06226666666666667
synthetic-id4-128,200000,HNSW,80,10,1.0,0.07626666666666666
synthetic-id4-128,200000,HNSW,96,10,1.0,0.10306666666666668
synthetic-id4-128,200000,HNSW,128,10,1.0,0.10446666666666667
synthetic-id4-128,200000,HNSW,160,10,1.0,0.1263
synthetic-id4-128,200000,HNSW,192,10,1.0,0.15333333333333332
synthetic-id4-128,200000,HNSW,256,10,1.0,0.20146666666666668
synthetic-id4-128,200000,HNSW,320,10,1.0,0.24539999999999998
synthetic-id4-128,200000,HNSW,384,10,1.0,0.32613333333333333
synthetic-id4-128,200000,HNSW,512,10,1.0,0.3999
synthetic-id4-128,200000,HNSW,640,10,1.0,0.4582333333333333
synthetic-id4-128,200000,HNSW,768,10,1.0,0.5581999999999999
synthetic-id4-128,200000,HNSW,1024,10,1.0,0.7018666666666666
synthetic-id4-128,200000,IVF-Flat,1,10,0.7276700000000002,0.027433333333333334
synthetic-id4-128,200000,IVF-Flat,2,10,0.9,0.03863333333333333
synthetic-id4-128,200000,IVF-Flat,3,10,0.967,0.04853333333333334
synthetic-id4-128,200000,IVF-Flat,4,10,0.98467,0.06216666666666667
synthetic-id4-128,200000,IVF-Flat,6,10,0.99833,0.08796666666666668
synthetic-id4-128,200000,IVF-Flat,8,10,0.99967,0.1129
synthetic-id4-128,200000,IVF-Flat,12,10,1.0,0.151
synthetic-id4-128,200000,IVF-Flat,16,10,1.0,0.1997
synthetic-id4-128,200000,IVF-Flat,24,10,1.0,0.2884333333333333
synthetic-id4-128,200000,IVF-Flat,32,10,1.0,0.37293333333333334
synthetic-id4-128,200000,IVF-Flat,48,10,1.0,0.5517333333333333
synthetic-id4-128,200000,IVF-Flat,64,10,1.0,0.6814666666666667
synthetic-id4-128,200000,IVF-Flat,96,10,1.0,1.0058
synthetic-id4-128,200000,IVF-Flat,128,10,1.0,1.3502
synthetic-id4-128,200000,IVF-Flat,192,10,1.0,1.9797
synthetic-id4-128,200000,IVF-Flat,256,10,1.0,2.7876
synthetic-id48-128,200000,HNSW,10,10,0.65867,0.0457
synthetic-id48-128,200000,HNSW,12,10,0.711,0.06283333333333334
synthetic-id48-128,200000,HNSW,16,10,0.77,0.059666666666666666
synthetic-id48-128,200000,HNSW,20,10,0.8166699999999999,0.06806666666666666
synthetic-id48-128,200000,HNSW,24,10,0.86233,0.0911
synthetic-id48-128,200000,HNSW,32,10,0.9053299999999999,0.13153333333333334
synthetic-id48-128,200000,HNSW,40,10,0.9330000000000002,0.1225
synthetic-id48-128,200000,HNSW,48,10,0.95233,0.16746666666666665
synthetic-id48-128,200000,HNSW,64,10,0.97533,0.1753
synthetic-id48-128,200000,HNSW,80,10,0.98633,0.20010000000000003
synthetic-id48-128,200000,HNSW,96,10,0.99467,0.2349
synthetic-id48-128,200000,HNSW,128,10,0.9979999999999999,0.37496666666666667
synthetic-id48-128,200000,HNSW,160,10,0.99933,0.3788
synthetic-id48-128,200000,HNSW,192,10,0.99933,0.4457
synthetic-id48-128,200000,HNSW,256,10,0.99967,0.5198666666666667
synthetic-id48-128,200000,HNSW,320,10,0.99967,0.6257
synthetic-id48-128,200000,HNSW,384,10,0.99967,0.7558666666666666
synthetic-id48-128,200000,HNSW,512,10,0.99967,0.8791000000000001
synthetic-id48-128,200000,HNSW,640,10,0.99967,1.0112333333333334
synthetic-id48-128,200000,HNSW,768,10,0.99967,1.1409666666666667
synthetic-id48-128,200000,HNSW,1024,10,0.99967,1.3977000000000002
synthetic-id48-128,200000,IVF-Flat,1,10,0.23833000000000001,0.0307
synthetic-id48-128,200000,IVF-Flat,2,10,0.36633,0.0443
synthetic-id48-128,200000,IVF-Flat,3,10,0.467,0.0546
synthetic-id48-128,200000,IVF-Flat,4,10,0.54767,0.0645
synthetic-id48-128,200000,IVF-Flat,6,10,0.669,0.11026666666666667
synthetic-id48-128,200000,IVF-Flat,8,10,0.74833,0.115
synthetic-id48-128,200000,IVF-Flat,12,10,0.843,0.1505
synthetic-id48-128,200000,IVF-Flat,16,10,0.907,0.20503333333333332
synthetic-id48-128,200000,IVF-Flat,24,10,0.96733,0.2947666666666667
synthetic-id48-128,200000,IVF-Flat,32,10,0.99033,0.3756
synthetic-id48-128,200000,IVF-Flat,48,10,1.0,0.5431333333333334
synthetic-id48-128,200000,IVF-Flat,64,10,1.0,0.7104666666666667
synthetic-id48-128,200000,IVF-Flat,96,10,1.0,1.0146
synthetic-id48-128,200000,IVF-Flat,128,10,1.0,1.3802666666666668
synthetic-id48-128,200000,IVF-Flat,192,10,1.0,1.9796666666666667
synthetic-id48-128,200000,IVF-Flat,256,10,1.0,2.6783
synthetic-id8-128,200000,HNSW,10,10,0.9579999999999999,0.029133333333333334
synthetic-id8-128,200000,HNSW,12,10,0.97133,0.0366
synthetic-id8-128,200000,HNSW,16,10,0.9860000000000001,0.03783333333333334
synthetic-id8-128,200000,HNSW,20,10,0.99233,0.04303333333333333
synthetic-id8-128,200000,HNSW,24,10,0.99567,0.05936666666666667
synthetic-id8-128,200000,HNSW,32,10,0.99833,0.07256666666666667
synthetic-id8-128,200000,HNSW,40,10,0.99933,0.06583333333333334
synthetic-id8-128,200000,HNSW,48,10,0.99967,0.07446666666666667
synthetic-id8-128,200000,HNSW,64,10,1.0,0.09386666666666667
synthetic-id8-128,200000,HNSW,80,10,1.0,0.13116666666666668
synthetic-id8-128,200000,HNSW,96,10,1.0,0.15496666666666667
synthetic-id8-128,200000,HNSW,128,10,1.0,0.16743333333333332
synthetic-id8-128,200000,HNSW,160,10,1.0,0.19473333333333334
synthetic-id8-128,200000,HNSW,192,10,1.0,0.25510000000000005
synthetic-id8-128,200000,HNSW,256,10,1.0,0.3167333333333333
synthetic-id8-128,200000,HNSW,320,10,1.0,0.3898333333333333
synthetic-id8-128,200000,HNSW,384,10,1.0,0.46513333333333334
synthetic-id8-128,200000,HNSW,512,10,1.0,0.5517666666666666
synthetic-id8-128,200000,HNSW,640,10,1.0,0.6414
synthetic-id8-128,200000,HNSW,768,10,1.0,0.7517
synthetic-id8-128,200000,HNSW,1024,10,1.0,0.9332666666666668
synthetic-id8-128,200000,IVF-Flat,1,10,0.49933,0.02673333333333333
synthetic-id8-128,200000,IVF-Flat,2,10,0.71067,0.04083333333333333
synthetic-id8-128,200000,IVF-Flat,3,10,0.82367,0.05156666666666667
synthetic-id8-128,200000,IVF-Flat,4,10,0.8893299999999998,0.06943333333333333
synthetic-id8-128,200000,IVF-Flat,6,10,0.947,0.0909
synthetic-id8-128,200000,IVF-Flat,8,10,0.9776700000000002,0.1297
synthetic-id8-128,200000,IVF-Flat,12,10,0.99467,0.1507
synthetic-id8-128,200000,IVF-Flat,16,10,0.9986700000000001,0.20466666666666666
synthetic-id8-128,200000,IVF-Flat,24,10,1.0,0.2927666666666667
synthetic-id8-128,200000,IVF-Flat,32,10,1.0,0.3745
synthetic-id8-128,200000,IVF-Flat,48,10,1.0,0.5517666666666666
synthetic-id8-128,200000,IVF-Flat,64,10,1.0,0.6926333333333333
synthetic-id8-128,200000,IVF-Flat,96,10,1.0,1.0169
synthetic-id8-128,200000,IVF-Flat,128,10,1.0,1.3052666666666666
synthetic-id8-128,200000,IVF-Flat,192,10,1.0,2.0516
synthetic-id8-128,200000,IVF-Flat,256,10,1.0,2.787266666666667
