dataset,n_base,family,target,oracle_qp,oracle_latency_ms,lid,hub,log2n
fashion-mnist-784-euclidean,60000,HNSW,0.9,10.0,0.0863,17.58000946044922,2.2427999051725704,15.872674880270605
fashion-mnist-784-euclidean,60000,IVF-Flat,0.9,6.0,0.3007666666666667,17.58000946044922,2.2427999051725704,15.872674880270605
glove-100-angular,50000,HNSW,0.9,128.0,0.165,43.11146545410156,5.251983937576732,15.609640474436812
glove-100-angular,50000,IVF-Flat,0.9,96.0,0.2549666666666667,43.11146545410156,5.251983937576732,15.609640474436812
glove-100-angular,100000,HNSW,0.9,128.0,0.22476666666666667,43.11146545410156,5.251983937576732,16.609640474436812
glove-100-angular,100000,IVF-Flat,0.9,96.0,0.36286666666666667,43.11146545410156,5.251983937576732,16.609640474436812
glove-100-angular,200000,HNSW,0.9,192.0,0.44883333333333336,43.11146545410156,5.251983937576732,17.609640474436812
glove-100-angular,200000,IVF-Flat,0.9,64.0,0.5318333333333333,43.11146545410156,5.251983937576732,17.609640474436812
glove-100-angular,500000,HNSW,0.9,256.0,0.7072666666666666,43.11146545410156,5.251983937576732,18.931568569324174
glove-100-angular,500000,IVF-Flat,0.9,48.0,1.2922666666666667,43.11146545410156,5.251983937576732,18.931568569324174
glove-100-angular,1183514,HNSW,0.9,384.0,1.1437333333333333,43.11146545410156,5.251983937576732,20.174645341396797
glove-100-angular,1183514,IVF-Flat,0.9,48.0,2.9836666666666667,43.11146545410156,5.251983937576732,20.174645341396797
glove-25-angular,200000,HNSW,0.9,24.0,0.05296666666666666,18.188472747802734,1.7578630146825296,17.609640474436812
glove-25-angular,200000,IVF-Flat,0.9,16.0,0.07006666666666667,18.188472747802734,1.7578630146825296,17.609640474436812
mnist-784-euclidean,60000,HNSW,0.9,10.0,0.08573333333333333,15.95186996459961,0.9080563978110116,15.872674880270605
mnist-784-euclidean,60000,IVF-Flat,0.9,8.0,0.27153333333333335,15.95186996459961,0.9080563978110116,15.872674880270605
nytimes-256-angular,200000,HNSW,0.9,160.0,0.6015,53.462608337402344,2.459713356434404,17.609640474436812
nytimes-256-angular,200000,IVF-Flat,0.9,128.0,2.6475333333333335,53.462608337402344,2.459713356434404,17.609640474436812
sift-128-euclidean,50000,HNSW,0.9,20.0,0.0338,23.94463539123535,1.8400840242900505,15.609640474436812
sift-128-euclidean,50000,IVF-Flat,0.9,24.0,0.07556666666666667,23.94463539123535,1.8400840242900505,15.609640474436812
sift-128-euclidean,100000,HNSW,0.9,24.0,0.0481,23.94463539123535,1.8400840242900505,16.609640474436812
sift-128-euclidean,100000,IVF-Flat,0.9,24.0,0.14376666666666668,23.94463539123535,1.8400840242900505,16.609640474436812
sift-128-euclidean,200000,HNSW,0.9,32.0,0.0968,23.94463539123535,1.8400840242900505,17.609640474436812
sift-128-euclidean,200000,IVF-Flat,0.9,24.0,0.27140000000000003,23.94463539123535,1.8400840242900505,17.609640474436812
sift-128-euclidean,500000,HNSW,0.9,32.0,0.12186666666666666,23.94463539123535,1.8400840242900505,18.931568569324174
sift-128-euclidean,500000,IVF-Flat,0.9,16.0,0.5592333333333334,23.94463539123535,1.8400840242900505,18.931568569324174
sift-128-euclidean,1000000,HNSW,0.9,40.0,0.14466666666666667,23.94463539123535,1.8400840242900505,19.931568569324174
sift-128-euclidean,1000000,IVF-Flat,0.9,16.0,0.9609,23.94463539123535,1.8400840242900505,19.931568569324174
synthetic-id16-128,200000,HNSW,0.9,16.0,0.04623333333333333,15.382891654968262,1.6321545323519078,17.609640474436812
synthetic-id16-128,200000,IVF-Flat,0.9,12.0,0.15416666666666665,15.382891654968262,1.6321545323519078,17.609640474436812
synthetic-id24-128,200000,HNSW,0.9,24.0,0.0716,18.899703979492188,2.2307330506001324,17.609640474436812
synthetic-id24-128,200000,IVF-Flat,0.9,12.0,0.18613333333333335,18.899703979492188,2.2307330506001324,17.609640474436812
synthetic-id32-128,200000,HNSW,0.9,32.0,0.08946666666666668,21.722970962524414,2.5579239347776195,17.609640474436812
synthetic-id32-128,200000,IVF-Flat,0.9,16.0,0.20620000000000002,21.722970962524414,2.5579239347776195,17.609640474436812
synthetic-id4-128,200000,HNSW,0.9,10.0,0.019733333333333335,4.9293951988220215,-0.022388903060802587,17.609640474436812
synthetic-id4-128,200000,IVF-Flat,0.9,2.0,0.03863333333333333,4.9293951988220215,-0.022388903060802587,17.609640474436812
synthetic-id48-128,200000,HNSW,0.9,32.0,0.13153333333333334,25.713125228881836,2.8373879343949833,17.609640474436812
synthetic-id48-128,200000,IVF-Flat,0.9,16.0,0.20503333333333332,25.713125228881836,2.8373879343949833,17.609640474436812
synthetic-id8-128,200000,HNSW,0.9,10.0,0.029133333333333334,9.07004165649414,0.6186255963611857,17.609640474436812
synthetic-id8-128,200000,IVF-Flat,0.9,6.0,0.0909,9.07004165649414,0.6186255963611857,17.609640474436812
fashion-mnist-784-euclidean,60000,HNSW,0.95,12.0,0.09443333333333333,17.58000946044922,2.2427999051725704,15.872674880270605
fashion-mnist-784-euclidean,60000,IVF-Flat,0.95,8.0,0.326,17.58000946044922,2.2427999051725704,15.872674880270605
glove-100-angular,50000,HNSW,0.95,256.0,0.34400000000000003,43.11146545410156,5.251983937576732,15.609640474436812
glove-100-angular,50000,IVF-Flat,0.95,192.0,0.3733666666666667,43.11146545410156,5.251983937576732,15.609640474436812
glove-100-angular,100000,HNSW,0.95,256.0,0.42186666666666667,43.11146545410156,5.251983937576732,16.609640474436812
glove-100-angular,100000,IVF-Flat,0.95,128.0,0.4953666666666667,43.11146545410156,5.251983937576732,16.609640474436812
glove-100-angular,200000,HNSW,0.95,512.0,0.9517333333333333,43.11146545410156,5.251983937576732,17.609640474436812
glove-100-angular,200000,IVF-Flat,0.95,128.0,1.0788666666666666,43.11146545410156,5.251983937576732,17.609640474436812
glove-100-angular,500000,HNSW,0.95,640.0,1.5599,43.11146545410156,5.251983937576732,18.931568569324174
glove-100-angular,500000,IVF-Flat,0.95,96.0,2.4661,43.11146545410156,5.251983937576732,18.931568569324174
glove-100-angular,1183514,HNSW,0.95,1024.0,2.8030333333333335,43.11146545410156,5.251983937576732,20.174645341396797
glove-100-angular,1183514,IVF-Flat,0.95,128.0,7.626166666666666,43.11146545410156,5.251983937576732,20.174645341396797
glove-25-angular,200000,HNSW,0.95,40.0,0.07876666666666667,18.188472747802734,1.7578630146825296,17.609640474436812
glove-25-angular,200000,IVF-Flat,0.95,32.0,0.10113333333333334,18.188472747802734,1.7578630146825296,17.609640474436812
mnist-784-euclidean,60000,HNSW,0.95,16.0,0.12333333333333334,15.95186996459961,0.9080563978110116,15.872674880270605
mnist-784-euclidean,60000,IVF-Flat,0.95,12.0,0.37556666666666666,15.95186996459961,0.9080563978110116,15.872674880270605
nytimes-256-angular,200000,HNSW,0.95,512.0,1.742,53.462608337402344,2.459713356434404,17.609640474436812
nytimes-256-angular,200000,IVF-Flat,0.95,256.0,5.414766666666666,53.462608337402344,2.459713356434404,17.609640474436812
sift-128-euclidean,50000,HNSW,0.95,32.0,0.0489,23.94463539123535,1.8400840242900505,15.609640474436812
sift-128-euclidean,50000,IVF-Flat,0.95,48.0,0.19276666666666667,23.94463539123535,1.8400840242900505,15.609640474436812
sift-128-euclidean,100000,HNSW,0.95,40.0,0.0736,23.94463539123535,1.8400840242900505,16.609640474436812
sift-128-euclidean,100000,IVF-Flat,0.95,32.0,0.20883333333333334,23.94463539123535,1.8400840242900505,16.609640474436812
sift-128-euclidean,200000,HNSW,0.95,48.0,0.11906666666666667,23.94463539123535,1.8400840242900505,17.609640474436812
sift-128-euclidean,200000,IVF-Flat,0.95,32.0,0.3651,23.94463539123535,1.8400840242900505,17.609640474436812
sift-128-euclidean,500000,HNSW,0.95,64.0,0.1927,23.94463539123535,1.8400840242900505,18.931568569324174
sift-128-euclidean,500000,IVF-Flat,0.95,24.0,0.7888666666666667,23.94463539123535,1.8400840242900505,18.931568569324174
sift-128-euclidean,1000000,HNSW,0.95,64.0,0.23770000000000002,23.94463539123535,1.8400840242900505,19.931568569324174
sift-128-euclidean,1000000,IVF-Flat,0.95,24.0,1.5365,23.94463539123535,1.8400840242900505,19.931568569324174
synthetic-id16-128,200000,HNSW,0.95,20.0,0.054433333333333334,15.382891654968262,1.6321545323519078,17.609640474436812
synthetic-id16-128,200000,IVF-Flat,0.95,12.0,0.15416666666666665,15.382891654968262,1.6321545323519078,17.609640474436812
synthetic-id24-128,200000,HNSW,0.95,32.0,0.08739999999999999,18.899703979492188,2.2307330506001324,17.609640474436812
synthetic-id24-128,200000,IVF-Flat,0.95,16.0,0.22413333333333332,18.899703979492188,2.2307330506001324,17.609640474436812
synthetic-id32-128,200000,HNSW,0.95,40.0,0.10510000000000001,21.722970962524414,2.5579239347776195,17.609640474436812
synthetic-id32-128,200000,IVF-Flat,0.95,24.0,0.28119999999999995,21.722970962524414,2.5579239347776195,17.609640474436812
synthetic-id4-128,200000,HNSW,0.95,10.0,0.019733333333333335,4.9293951988220215,-0.022388903060802587,17.609640474436812
synthetic-id4-128,200000,IVF-Flat,0.95,3.0,0.04853333333333334,4.9293951988220215,-0.022388903060802587,17.609640474436812
synthetic-id48-128,200000,HNSW,0.95,48.0,0.16746666666666665,25.713125228881836,2.8373879343949833,17.609640474436812
synthetic-id48-128,200000,IVF-Flat,0.95,24.0,0.2947666666666667,25.713125228881836,2.8373879343949833,17.609640474436812
synthetic-id8-128,200000,HNSW,0.95,10.0,0.029133333333333334,9.07004165649414,0.6186255963611857,17.609640474436812
synthetic-id8-128,200000,IVF-Flat,0.95,8.0,0.1297,9.07004165649414,0.6186255963611857,17.609640474436812
